[
    1,
    [
        "99RF6vjbxNyIj6r1kPoY9Q@6c48a"
    ],
    [
        "_textureSource"
    ],
    [
        "cc.SpriteFrame"
    ],
    0,
    [
        {
            "name": "head",
            "rect": {
                "x": 0,
                "y": 0,
                "width": 94,
                "height": 96
            },
            "offset": {
                "x": 0,
                "y": 0
            },
            "originalSize": {
                "width": 94,
                "height": 96
            },
            "rotated": false,
            "capInsets": [
                0,
                0,
                0,
                0
            ],
            "packable": true
        }
    ],
    [
        0
    ],
    0,
    [
        0
    ],
    [
        0
    ],
    [
        0
    ]
]
