{
  "/Users/liuling/学习/cocos/shubankuanggong/assets/res.meta": {
    "time": 1650852743220.3423
  },
  "/Users/liuling/学习/cocos/shubankuanggong/assets/res": {
    "time": 1651890158665.243,
    "uuid": "81e25de8-7e7e-45f9-a72b-8baf2631ff0a",
    "missing": false
  },
  "/Users/liuling/学习/cocos/shubankuanggong/assets/scene.meta": {
    "time": 1650852762691.624
  },
  "/Users/liuling/学习/cocos/shubankuanggong/assets/scene": {
    "time": 1651889691300.1616,
    "uuid": "37d18416-8710-4909-8d02-6b8129aecb72",
    "missing": false
  },
  "/Users/liuling/学习/cocos/shubankuanggong/assets/scripts.meta": {
    "time": 1650852776132.9272
  },
  "/Users/liuling/学习/cocos/shubankuanggong/assets/scripts": {
    "time": 1652174649922.3,
    "uuid": "14efc13c-515a-42b5-aaef-210ffdbb2130",
    "missing": false
  },
  "/Users/liuling/学习/cocos/shubankuanggong/assets/res/Images.meta": {
    "time": 1650852848158.557
  },
  "/Users/liuling/学习/cocos/shubankuanggong/assets/res/Images/background-1.jpg.meta": {
    "time": 1650852848224.9
  },
  "/Users/liuling/学习/cocos/shubankuanggong/assets/res/Images/background-2.png.meta": {
    "time": 1650852848206.1523
  },
  "/Users/liuling/学习/cocos/shubankuanggong/assets/res/Images/boom.png.meta": {
    "time": 1650852848198.1492
  },
  "/Users/liuling/学习/cocos/shubankuanggong/assets/res/Images/button_back.png.meta": {
    "time": 1650852848197.1306
  },
  "/Users/liuling/学习/cocos/shubankuanggong/assets/res/Images/button_share.png.meta": {
    "time": 1650852848205.7808
  },
  "/Users/liuling/学习/cocos/shubankuanggong/assets/res/Images/button_start.png.meta": {
    "time": 1650852848252.8232
  },
  "/Users/liuling/学习/cocos/shubankuanggong/assets/res/Images/close.png.meta": {
    "time": 1650852848248.001
  },
  "/Users/liuling/学习/cocos/shubankuanggong/assets/res/Images/coins_container.png.meta": {
    "time": 1650852848253.5945
  },
  "/Users/liuling/学习/cocos/shubankuanggong/assets/res/Images/dialog_bag_empty.png.meta": {
    "time": 1650852848276.4568
  },
  "/Users/liuling/学习/cocos/shubankuanggong/assets/res/Images/dialog_bag_golden_full.png.meta": {
    "time": 1650852848288.5015
  },
  "/Users/liuling/学习/cocos/shubankuanggong/assets/res/Images/dialog_bag_hongbao_full.png.meta": {
    "time": 1650852848295.5928
  },
  "/Users/liuling/学习/cocos/shubankuanggong/assets/res/Images/dialog_boom.png.meta": {
    "time": 1650852848297.846
  },
  "/Users/liuling/学习/cocos/shubankuanggong/assets/res/Images/gold_1.png.meta": {
    "time": 1650852848295.9163
  },
  "/Users/liuling/学习/cocos/shubankuanggong/assets/res/Images/gold_2.png.meta": {
    "time": 1650852848296.1765
  },
  "/Users/liuling/学习/cocos/shubankuanggong/assets/res/Images/gold_3.png.meta": {
    "time": 1650852848318.1443
  },
  "/Users/liuling/学习/cocos/shubankuanggong/assets/res/Images/gold_4.png.meta": {
    "time": 1650852848318.7751
  },
  "/Users/liuling/学习/cocos/shubankuanggong/assets/res/Images/golden_car.png.meta": {
    "time": 1650852848317.213
  },
  "/Users/liuling/学习/cocos/shubankuanggong/assets/res/Images/golden_float.png.meta": {
    "time": 1650852848322.3582
  },
  "/Users/liuling/学习/cocos/shubankuanggong/assets/res/Images/golden_hook.png.meta": {
    "time": 1650868423510.3616
  },
  "/Users/liuling/学习/cocos/shubankuanggong/assets/res/Images/halo.png.meta": {
    "time": 1650852848333.49
  },
  "/Users/liuling/学习/cocos/shubankuanggong/assets/res/Images/head.png.meta": {
    "time": 1650852848335.9395
  },
  "/Users/liuling/学习/cocos/shubankuanggong/assets/res/Images/icon_text.png.meta": {
    "time": 1650852848336.5754
  },
  "/Users/liuling/学习/cocos/shubankuanggong/assets/res/Images/loading_bg.jpg.meta": {
    "time": 1650852848343.5994
  },
  "/Users/liuling/学习/cocos/shubankuanggong/assets/res/Images/loading_car.png.meta": {
    "time": 1650852848343.0876
  },
  "/Users/liuling/学习/cocos/shubankuanggong/assets/res/Images/loading_golden.png.meta": {
    "time": 1650852848355.8452
  },
  "/Users/liuling/学习/cocos/shubankuanggong/assets/res/Images/loading_house.png.meta": {
    "time": 1650852848355.544
  },
  "/Users/liuling/学习/cocos/shubankuanggong/assets/res/Images/logo.png.meta": {
    "time": 1650852848356.8728
  },
  "/Users/liuling/学习/cocos/shubankuanggong/assets/res/Images/lucky_bag.png.meta": {
    "time": 1650852848372.5627
  },
  "/Users/liuling/学习/cocos/shubankuanggong/assets/res/Images/text_bottom_chance_out.png.meta": {
    "time": 1650852848369.1985
  },
  "/Users/liuling/学习/cocos/shubankuanggong/assets/res/Images/text_bottom_has_chance.png.meta": {
    "time": 1650852848437.9885
  },
  "/Users/liuling/学习/cocos/shubankuanggong/assets/res/Images": {
    "time": 1651890176879.033,
    "uuid": "48932a26-59f6-4869-b7e8-41bcc61ab369",
    "missing": false
  },
  "/Users/liuling/学习/cocos/shubankuanggong/assets/res/Images/button_back.png": {
    "time": 1577429565000,
    "uuid": "08fbc58d-1b72-418f-9655-cb20da1dd2eb",
    "missing": false
  },
  "/Users/liuling/学习/cocos/shubankuanggong/assets/res/Images/boom.png": {
    "time": 1577429565000,
    "uuid": "0cc4701f-2008-4648-ac32-23d7861dee1d",
    "missing": false
  },
  "/Users/liuling/学习/cocos/shubankuanggong/assets/res/Images/button_share.png": {
    "time": 1577429565000,
    "uuid": "f6cbd872-3392-4079-8c81-22c75826b914",
    "missing": false
  },
  "/Users/liuling/学习/cocos/shubankuanggong/assets/res/Images/background-2.png": {
    "time": 1577429565000,
    "uuid": "0731e060-50b7-4967-a812-b876e3053937",
    "missing": false
  },
  "/Users/liuling/学习/cocos/shubankuanggong/assets/res/Images/background-1.jpg": {
    "time": 1577429565000,
    "uuid": "7bab8237-74b8-4ebf-a292-82553dcca51c",
    "missing": false
  },
  "/Users/liuling/学习/cocos/shubankuanggong/assets/res/Images/close.png": {
    "time": 1577429565000,
    "uuid": "8661cba8-6a45-4e29-aa51-a520b2736406",
    "missing": false
  },
  "/Users/liuling/学习/cocos/shubankuanggong/assets/res/Images/button_start.png": {
    "time": 1577429565000,
    "uuid": "51c4fb18-0cd2-482a-acbf-fc64ccd76ba8",
    "missing": false
  },
  "/Users/liuling/学习/cocos/shubankuanggong/assets/res/Images/coins_container.png": {
    "time": 1577429565000,
    "uuid": "3ee8ea31-7eb4-4c64-bc2f-fd83fc6f645d",
    "missing": false
  },
  "/Users/liuling/学习/cocos/shubankuanggong/assets/res/Images/dialog_bag_empty.png": {
    "time": 1577429565000,
    "uuid": "26bbfca9-820c-429e-b571-35f3f32ee6e2",
    "missing": false
  },
  "/Users/liuling/学习/cocos/shubankuanggong/assets/res/Images/dialog_bag_golden_full.png": {
    "time": 1577429565000,
    "uuid": "628c5938-5568-47ef-8211-b0271c16439c",
    "missing": false
  },
  "/Users/liuling/学习/cocos/shubankuanggong/assets/res/Images/dialog_bag_hongbao_full.png": {
    "time": 1577429565000,
    "uuid": "a3080c4a-a930-4498-95a7-2c015cb9d704",
    "missing": false
  },
  "/Users/liuling/学习/cocos/shubankuanggong/assets/res/Images/gold_1.png": {
    "time": 1577429565000,
    "uuid": "61ec3ef5-8087-4ea1-8f18-538929724c3c",
    "missing": false
  },
  "/Users/liuling/学习/cocos/shubankuanggong/assets/res/Images/gold_2.png": {
    "time": 1577429565000,
    "uuid": "9033991a-eb46-413c-ae60-9a276c067004",
    "missing": false
  },
  "/Users/liuling/学习/cocos/shubankuanggong/assets/res/Images/dialog_boom.png": {
    "time": 1577429565000,
    "uuid": "c3463eb3-143b-4f00-8a0c-bc11bc7b985e",
    "missing": false
  },
  "/Users/liuling/学习/cocos/shubankuanggong/assets/res/Images/golden_car.png": {
    "time": 1577429565000,
    "uuid": "671117c5-3fd6-4474-8c48-c9ad244149fd",
    "missing": false
  },
  "/Users/liuling/学习/cocos/shubankuanggong/assets/res/Images/golden_hook.png": {
    "time": 1577429565000,
    "uuid": "0020876c-08f8-4a08-af8d-34f347c9a3e6",
    "missing": false
  },
  "/Users/liuling/学习/cocos/shubankuanggong/assets/res/Images/gold_3.png": {
    "time": 1577429565000,
    "uuid": "96e821ec-b451-4f47-8880-789ff94d9171",
    "missing": false
  },
  "/Users/liuling/学习/cocos/shubankuanggong/assets/res/Images/gold_4.png": {
    "time": 1577429565000,
    "uuid": "31cb8c7d-e19d-45e5-9f9a-a32f5b089a27",
    "missing": false
  },
  "/Users/liuling/学习/cocos/shubankuanggong/assets/res/Images/golden_float.png": {
    "time": 1577429565000,
    "uuid": "6a374d9d-5ba1-444d-8cbe-913f3a5ec2d1",
    "missing": false
  },
  "/Users/liuling/学习/cocos/shubankuanggong/assets/res/Images/halo.png": {
    "time": 1577429565000,
    "uuid": "f8671913-1cc4-4e31-b38d-b140cd6a878c",
    "missing": false
  },
  "/Users/liuling/学习/cocos/shubankuanggong/assets/res/Images/head.png": {
    "time": 1577429565000,
    "uuid": "99445eaf-8dbc-4dc8-88fa-af590fa18f50",
    "missing": false
  },
  "/Users/liuling/学习/cocos/shubankuanggong/assets/res/Images/icon_text.png": {
    "time": 1577429565000,
    "uuid": "2bc6131c-d543-4c47-945c-a60e28e53d00",
    "missing": false
  },
  "/Users/liuling/学习/cocos/shubankuanggong/assets/res/Images/loading_car.png": {
    "time": 1577429565000,
    "uuid": "b6b95793-d803-4a86-acff-18605f499e90",
    "missing": false
  },
  "/Users/liuling/学习/cocos/shubankuanggong/assets/res/Images/loading_bg.jpg": {
    "time": 1577429565000,
    "uuid": "16363a5f-bf88-4181-bd95-e3db143d76ce",
    "missing": false
  },
  "/Users/liuling/学习/cocos/shubankuanggong/assets/res/Images/loading_house.png": {
    "time": 1577429565000,
    "uuid": "f149ec15-2f18-41e2-8192-934091d845b6",
    "missing": false
  },
  "/Users/liuling/学习/cocos/shubankuanggong/assets/res/Images/loading_golden.png": {
    "time": 1577429565000,
    "uuid": "1c2a56ff-5d43-4fd0-b9f5-376857a5c69e",
    "missing": false
  },
  "/Users/liuling/学习/cocos/shubankuanggong/assets/res/Images/logo.png": {
    "time": 1577429565000,
    "uuid": "77502301-7336-4b15-900e-7e371918ffd5",
    "missing": false
  },
  "/Users/liuling/学习/cocos/shubankuanggong/assets/res/Images/text_bottom_chance_out.png": {
    "time": 1577429565000,
    "uuid": "018f7f37-4ab1-41ee-a45d-bf8ce0647bca",
    "missing": false
  },
  "/Users/liuling/学习/cocos/shubankuanggong/assets/res/Images/lucky_bag.png": {
    "time": 1577429565000,
    "uuid": "bd94bec6-1ce4-490f-af5a-6b16ad3a13bb",
    "missing": false
  },
  "/Users/liuling/学习/cocos/shubankuanggong/assets/res/Images/text_bottom_has_chance.png": {
    "time": 1577429565000,
    "uuid": "5cc2634f-f72b-4582-8d72-8f870fa3d9bd",
    "missing": false
  },
  "/Users/liuling/学习/cocos/shubankuanggong/assets/scene/home.scene.meta": {
    "time": 1650855630719.7625
  },
  "/Users/liuling/学习/cocos/shubankuanggong/assets/scene/home.scene": {
    "time": 1651143777202.3464,
    "uuid": "f95002a7-a510-4c45-85c1-b577f516137c",
    "missing": false
  },
  "/Users/liuling/学习/cocos/shubankuanggong/assets/scene/game.scene.meta": {
    "time": 1650860124581.347
  },
  "/Users/liuling/学习/cocos/shubankuanggong/assets/scene/game.scene": {
    "time": 1651144199797.8887,
    "uuid": "3a9dd2f8-d199-4f9d-99b1-087c074a2237",
    "missing": false
  },
  "/Users/liuling/学习/cocos/shubankuanggong/assets/scripts/goGame.ts.meta": {
    "time": 1650868639908.7466
  },
  "/Users/liuling/学习/cocos/shubankuanggong/assets/scripts/goGame.ts": {
    "time": 1650869306139.4187,
    "uuid": "32a1b4ee-3f31-487b-bde2-f424112c2a4f",
    "missing": false
  },
  "/Users/liuling/学习/cocos/shubankuanggong/assets/scripts/gamety.ts.meta": {
    "time": 1650869592301.9014
  },
  "/Users/liuling/学习/cocos/shubankuanggong/assets/scripts/gamety.ts": {
    "time": 1650869592296.6162,
    "uuid": "bc7bbcfe-f8f9-40dc-b3f7-23f38a9565e8",
    "missing": false
  },
  "/Users/liuling/学习/cocos/shubankuanggong/assets/scripts/clickgame.ts.meta": {
    "time": 1650869833131.4846
  },
  "/Users/liuling/学习/cocos/shubankuanggong/assets/scripts/clickgame.ts": {
    "time": 1650871036561.1875,
    "uuid": "919e7e3d-33a9-4cc6-baa2-67261ea79b24",
    "missing": false
  },
  "/Users/liuling/学习/cocos/shubankuanggong/assets/scripts/hook.ts.meta": {
    "time": 1650869898992.671
  },
  "/Users/liuling/学习/cocos/shubankuanggong/assets/scripts/hook.ts": {
    "time": 1651144062984.7065,
    "uuid": "cbd49f01-24f8-478d-b804-e48ac7301afb",
    "missing": false
  },
  "/Users/liuling/学习/cocos/shubankuanggong/assets/scripts/Edage.ts.meta": {
    "time": 1650877262756.085
  },
  "/Users/liuling/学习/cocos/shubankuanggong/assets/scripts/Edage.ts": {
    "time": 1650879350787.395,
    "uuid": "d548ec48-f038-411a-bcc7-78dcb2406211",
    "missing": false
  },
  "/Users/liuling/学习/cocos/shubankuanggong/assets/prefab.meta": {
    "time": 1650878621456.8962
  },
  "/Users/liuling/学习/cocos/shubankuanggong/assets/prefab": {
    "time": 1650879210971.875,
    "uuid": "e8396251-e4c4-4be2-ae98-e541e136e038",
    "missing": false
  },
  "/Users/liuling/学习/cocos/shubankuanggong/assets/prefab/dialog_bag_golden_full.prefab.meta": {
    "time": 1650879210528.7349
  },
  "/Users/liuling/学习/cocos/shubankuanggong/assets/prefab/dialog_bag_golden_full.prefab": {
    "time": 1650880082744.3796,
    "uuid": "bffafcc3-275f-4963-a4d6-4e39f29e50ec",
    "missing": false
  },
  "/Users/liuling/学习/cocos/shubankuanggong/assets/prefab/dialog_bag_hongbao_full.prefab.meta": {
    "time": 1650879210627.5942
  },
  "/Users/liuling/学习/cocos/shubankuanggong/assets/prefab/dialog_bag_hongbao_full.prefab": {
    "time": 1650880071091.5977,
    "uuid": "c2edff6a-43d5-4548-aa99-2b3fdd7111c3",
    "missing": false
  },
  "/Users/liuling/学习/cocos/shubankuanggong/assets/prefab/gold_1.prefab.meta": {
    "time": 1650879210727.546
  },
  "/Users/liuling/学习/cocos/shubankuanggong/assets/prefab/gold_1.prefab": {
    "time": 1650880048340.2874,
    "uuid": "017923b1-ebc2-4516-9a73-0f4dd12f0f12",
    "missing": false
  },
  "/Users/liuling/学习/cocos/shubankuanggong/assets/prefab/gold_2.prefab.meta": {
    "time": 1650879210786.1772
  },
  "/Users/liuling/学习/cocos/shubankuanggong/assets/prefab/gold_2.prefab": {
    "time": 1650880035827.4614,
    "uuid": "b8a70d87-b0a6-4d13-b528-d20079836006",
    "missing": false
  },
  "/Users/liuling/学习/cocos/shubankuanggong/assets/prefab/gold_4.prefab.meta": {
    "time": 1650879210852.8228
  },
  "/Users/liuling/学习/cocos/shubankuanggong/assets/prefab/gold_4.prefab": {
    "time": 1650880022241.7014,
    "uuid": "69b35425-c7fa-4b9b-81b2-961338c0eb94",
    "missing": false
  },
  "/Users/liuling/学习/cocos/shubankuanggong/assets/prefab/gold_3.prefab.meta": {
    "time": 1650879210926.205
  },
  "/Users/liuling/学习/cocos/shubankuanggong/assets/prefab/gold_3.prefab": {
    "time": 1650880030933.0532,
    "uuid": "1ea29a49-e7a8-4592-91ff-5e84b0cde3e6",
    "missing": false
  },
  "/Users/liuling/学习/cocos/shubankuanggong/assets/prefab/boom.prefab.meta": {
    "time": 1650879210978.2139
  },
  "/Users/liuling/学习/cocos/shubankuanggong/assets/prefab/boom.prefab": {
    "time": 1650880123704.7427,
    "uuid": "11f699c5-32ea-47ce-ab37-badfe3d7eebb",
    "missing": false
  },
  "/Users/liuling/学习/cocos/shubankuanggong/assets/scripts/gameoverf.ts.meta": {
    "time": 1651140514283.7998
  },
  "/Users/liuling/学习/cocos/shubankuanggong/assets/scripts/gameoverf.ts": {
    "time": 1651143616015.7625,
    "uuid": "ff1edc09-c329-4f32-8400-abca1997b934",
    "missing": false
  },
  "/Users/liuling/学习/cocos/shubankuanggong/assets/scene/xuliezhen.scene.meta": {
    "time": 1651889691320.499
  },
  "/Users/liuling/学习/cocos/shubankuanggong/assets/scene/xuliezhen.scene": {
    "time": 1652175147576.8782,
    "uuid": "4f429157-6c2a-484f-85af-af89416e004a",
    "missing": false
  },
  "/Users/liuling/学习/cocos/shubankuanggong/assets/res/mc.meta": {
    "time": 1651890158670.4734
  },
  "/Users/liuling/学习/cocos/shubankuanggong/assets/res/mc/jinbi.meta": {
    "time": 1651890158670.6582
  },
  "/Users/liuling/学习/cocos/shubankuanggong/assets/res/mc": {
    "time": 1651890182790.9053,
    "uuid": "1ad5e529-d4a6-4be0-bb00-b1600601ae2a",
    "missing": false
  },
  "/Users/liuling/学习/cocos/shubankuanggong/assets/res/mc/jinbi": {
    "time": 1651890198381.3538,
    "uuid": "bee0cf1f-b383-496a-b63a-ed5d1ef6185f",
    "missing": false
  },
  "/Users/liuling/学习/cocos/shubankuanggong/assets/res/mc/jinbi/golden_1.png.meta": {
    "time": 1651889317883.6233
  },
  "/Users/liuling/学习/cocos/shubankuanggong/assets/res/mc/jinbi/golden_1.png": {
    "time": 1651888725624.2412,
    "uuid": "a13a9355-a7fa-4635-ad1e-7e9f39415774",
    "missing": false
  },
  "/Users/liuling/学习/cocos/shubankuanggong/assets/res/mc/jinbi/golden_3.png.meta": {
    "time": 1651889317883.3079
  },
  "/Users/liuling/学习/cocos/shubankuanggong/assets/res/mc/jinbi/golden_3.png": {
    "time": 1651888790055.161,
    "uuid": "c6dab3f6-a6e7-4dfb-82c2-28fc88cfcb28",
    "missing": false
  },
  "/Users/liuling/学习/cocos/shubankuanggong/assets/res/mc/jinbi/golden_2.png.meta": {
    "time": 1651889317882.0002
  },
  "/Users/liuling/学习/cocos/shubankuanggong/assets/res/mc/jinbi/golden_2.png": {
    "time": 1651888755688.6465,
    "uuid": "9234ade5-fb10-40f8-bbc4-ac98ba9c514a",
    "missing": false
  },
  "/Users/liuling/学习/cocos/shubankuanggong/assets/res/mc/jinbi/animation.anim.meta": {
    "time": 1651890198387.7668
  },
  "/Users/liuling/学习/cocos/shubankuanggong/assets/res/mc/jinbi/animation.anim": {
    "time": 1652174257281.9004,
    "uuid": "d4236af4-f42d-476d-a3ec-51fc12d9eeb8",
    "missing": false
  },
  "/Users/liuling/学习/cocos/shubankuanggong/assets/scripts/xuliezhen.ts.meta": {
    "time": 1652174649932.7217
  },
  "/Users/liuling/学习/cocos/shubankuanggong/assets/scripts/xuliezhen.ts": {
    "time": 1652176018443.776,
    "uuid": "ffc7f70f-93c1-4426-9c9d-ac46827a112c",
    "missing": false
  }
}
