{
  "imports": {
    "cce:/internal/x/cc": "./mods/cce/internal/x/cc.js",
    "cce:/internal/x/prerequisite-imports": "./mods/cce/internal/x/prerequisite-imports.js"
  },
  "scopes": {
    "./mods/fs/0/assets/scripts/audioManager.js": {
      "cc": "./mods/cce/internal/x/cc.js"
    },
    "./mods/fs/0/assets/scripts/AudioManager.js": {
      "cc": "./mods/cce/internal/x/cc.js"
    },
    "./mods/fs/0/assets/scripts/audioFunc.js": {
      "cc": "./mods/cce/internal/x/cc.js"
    },
    "./mods/fs/0/assets/scripts/startGame.js": {
      "cc": "./mods/cce/internal/x/cc.js"
    },
    "./mods/cce/internal/x/cc.js": {
      "__unresolved_0": "cce:/internal/x/cc-fu/2d",
      "__unresolved_1": "cce:/internal/x/cc-fu/audio",
      "__unresolved_2": "cce:/internal/x/cc-fu/base",
      "__unresolved_3": "cce:/internal/x/cc-fu/dragon-bones",
      "__unresolved_4": "cce:/internal/x/cc-fu/gfx-webgl",
      "__unresolved_5": "cce:/internal/x/cc-fu/gfx-webgl2",
      "__unresolved_6": "cce:/internal/x/cc-fu/intersection-2d",
      "__unresolved_7": "cce:/internal/x/cc-fu/particle-2d",
      "__unresolved_8": "cce:/internal/x/cc-fu/physics-2d-box2d",
      "__unresolved_9": "cce:/internal/x/cc-fu/physics-2d-framework",
      "__unresolved_10": "cce:/internal/x/cc-fu/profiler",
      "__unresolved_11": "cce:/internal/x/cc-fu/spine",
      "__unresolved_12": "cce:/internal/x/cc-fu/tiled-map",
      "__unresolved_13": "cce:/internal/x/cc-fu/tween",
      "__unresolved_14": "cce:/internal/x/cc-fu/ui",
      "__unresolved_15": "cce:/internal/x/cc-fu/video",
      "__unresolved_16": "cce:/internal/x/cc-fu/webview"
    },
    "./mods/cce/internal/x/prerequisite-imports.js": {
      "__unresolved_0": "./mods/fs/0/assets/scripts/AudioManager.js",
      "__unresolved_1": "./mods/fs/0/assets/scripts/audioFunc.js",
      "__unresolved_3": "./mods/fs/0/assets/scripts/startGame.js",
      "__unresolved_2": "./mods/fs/0/assets/scripts/home.js"
    },
    "./mods/fs/0/assets/scripts/home.js": {
      "cc": "./mods/cce/internal/x/cc.js",
      "__unresolved_0": "./mods/cce/internal/code-quality/cr.js",
      "__unresolved_1": "./mods/fs/0/assets/scripts/audioFunc.js"
    }
  }
}
