[
    1,
    [
        "62jFk4VWhH74IRsCccFkOc@6c48a"
    ],
    [
        "_textureSource"
    ],
    [
        "cc.SpriteFrame"
    ],
    0,
    [
        {
            "name": "dialog_bag_golden_full",
            "rect": {
                "x": 0,
                "y": 0,
                "width": 265,
                "height": 198
            },
            "offset": {
                "x": 0,
                "y": 0
            },
            "originalSize": {
                "width": 265,
                "height": 198
            },
            "rotated": false,
            "capInsets": [
                0,
                0,
                0,
                0
            ],
            "packable": true
        }
    ],
    [
        0
    ],
    0,
    [
        0
    ],
    [
        0
    ],
    [
        0
    ]
]
