[
    1,
    [
        "00IIdsCPhKCK+NNPNHyaPm@6c48a"
    ],
    [
        "_textureSource"
    ],
    [
        "cc.SpriteFrame"
    ],
    0,
    [
        {
            "name": "golden_hook",
            "rect": {
                "x": 0,
                "y": 0,
                "width": 89,
                "height": 115
            },
            "offset": {
                "x": 0,
                "y": 0
            },
            "originalSize": {
                "width": 89,
                "height": 115
            },
            "rotated": false,
            "capInsets": [
                0,
                4,
                0,
                108
            ],
            "packable": true
        }
    ],
    [
        0
    ],
    0,
    [
        0
    ],
    [
        0
    ],
    [
        0
    ]
]
