[
    1,
    [
        "7bq4I3dLhOv6KSglU9zKUc@6c48a"
    ],
    [
        "_textureSource"
    ],
    [
        "cc.SpriteFrame"
    ],
    0,
    [
        {
            "name": "background-1",
            "rect": {
                "x": 0,
                "y": 0,
                "width": 750,
                "height": 1624
            },
            "offset": {
                "x": 0,
                "y": 0
            },
            "originalSize": {
                "width": 750,
                "height": 1624
            },
            "rotated": false,
            "capInsets": [
                0,
                0,
                0,
                0
            ],
            "packable": true
        }
    ],
    [
        0
    ],
    0,
    [
        0
    ],
    [
        0
    ],
    [
        0
    ]
]
