[
    1,
    [
        "24xBnqY6hOoanQf8RpSJu8@6c48a"
    ],
    [
        "_textureSource"
    ],
    [
        "cc.SpriteFrame"
    ],
    0,
    [
        {
            "name": "atom",
            "rect": {
                "x": 0,
                "y": 0,
                "width": 31,
                "height": 31
            },
            "offset": {
                "x": 0,
                "y": 0
            },
            "originalSize": {
                "width": 31,
                "height": 31
            },
            "rotated": false,
            "capInsets": [
                0,
                0,
                0,
                0
            ],
            "packable": true
        }
    ],
    [
        0
    ],
    0,
    [
        0
    ],
    [
        0
    ],
    [
        0
    ]
]
