{
  "__type__": "cc.Material",
  "_name": "",
  "_objFlags": 0,
  "_native": "",
  "_effectAsset": {
    "__uuid__": "a3cd009f-0ab0-420d-9278-b9fdab939bbc",
    "__expectedType__": "cc.EffectAsset"
  },
  "_techIdx": "3",
  "_defines": [
    {
      "USE_TEXTURE": true
    }
  ],
  "_states": [
    {
      "rasterizerState": {},
      "depthStencilState": {},
      "blendState": {
        "targets": [
          {}
        ]
      }
    }
  ],
  "_props": [
    {
      "mainTexture": {
        "__uuid__": "5cbe17a9-4533-4cfd-948d-904cc7f8e262@6c48a",
        "__expectedType__": "cc.Texture2D"
      }
    }
  ]
}