[
    1,
    [
        "0cxHAfIAhGSKwyI9eGHe4d@6c48a"
    ],
    [
        "_textureSource"
    ],
    [
        "cc.SpriteFrame"
    ],
    0,
    [
        {
            "name": "boom",
            "rect": {
                "x": 0,
                "y": 0,
                "width": 132,
                "height": 115
            },
            "offset": {
                "x": 0,
                "y": 0
            },
            "originalSize": {
                "width": 132,
                "height": 115
            },
            "rotated": false,
            "capInsets": [
                0,
                0,
                0,
                0
            ],
            "packable": true
        }
    ],
    [
        0
    ],
    0,
    [
        0
    ],
    [
        0
    ],
    [
        0
    ]
]
