[
    1,
    [
        "31y4x94Z1F5Z+aoy9bCJon@6c48a"
    ],
    [
        "_textureSource"
    ],
    [
        "cc.SpriteFrame"
    ],
    0,
    [
        {
            "name": "gold_4",
            "rect": {
                "x": 0,
                "y": 0,
                "width": 126,
                "height": 75
            },
            "offset": {
                "x": 0,
                "y": 0
            },
            "originalSize": {
                "width": 126,
                "height": 75
            },
            "rotated": false,
            "capInsets": [
                0,
                0,
                0,
                0
            ],
            "packable": true
        }
    ],
    [
        0
    ],
    0,
    [
        0
    ],
    [
        0
    ],
    [
        0
    ]
]
