[
    1,
    [
        "07MeBgULdJZ6gSuHbjBTk3@6c48a"
    ],
    [
        "_textureSource"
    ],
    [
        "cc.SpriteFrame"
    ],
    0,
    [
        {
            "name": "background-2",
            "rect": {
                "x": 0,
                "y": 1,
                "width": 750,
                "height": 1296
            },
            "offset": {
                "x": 0,
                "y": -0.5
            },
            "originalSize": {
                "width": 750,
                "height": 1297
            },
            "rotated": false,
            "capInsets": [
                0,
                0,
                0,
                0
            ],
            "packable": true
        }
    ],
    [
        0
    ],
    0,
    [
        0
    ],
    [
        0
    ],
    [
        0
    ]
]
