{
  "imports": {
    "cce:/internal/x/cc": "./chunks/90/909f786ffe128f06f5aa1b4e1e3fbbd65262915e.js",
    "cce:/internal/x/prerequisite-imports": "./chunks/e6/e690d8d21c3264f88cef1049bc05ae341c5f161a.js",
    "file:///Users/liuling/%E5%AD%A6%E4%B9%A0/cocos/daxigua/assets/script/AudioManger.ts": "./chunks/d7/d76b17f07c0096664eb16ff44b67a5558ef071be.js",
    "file:///Users/liuling/%E5%AD%A6%E4%B9%A0/cocos/daxigua/assets/script/effectscc.ts": "./chunks/31/3172ca2ef4ee311663f70707e0815f32a1a8955f.js",
    "file:///Users/liuling/%E5%AD%A6%E4%B9%A0/cocos/daxigua/assets/script/itemContent.ts": "./chunks/d7/d7b6a8e4674c23d12bd98fe9ce4b41d9b853976a.js",
    "file:///Users/liuling/%E5%AD%A6%E4%B9%A0/cocos/daxigua/assets/script/physitMar.ts": "./chunks/1f/1fabb589593c8bcadd7c9af4d70846fe78bc0349.js"
  },
  "scopes": {
    "./chunks/90/909f786ffe128f06f5aa1b4e1e3fbbd65262915e.js": {
      "__unresolved_0": "cce:/internal/x/cc-fu/2d",
      "__unresolved_1": "cce:/internal/x/cc-fu/animation",
      "__unresolved_10": "cce:/internal/x/cc-fu/physics-2d-framework",
      "__unresolved_11": "cce:/internal/x/cc-fu/profiler",
      "__unresolved_12": "cce:/internal/x/cc-fu/skeletal-animation",
      "__unresolved_13": "cce:/internal/x/cc-fu/spine",
      "__unresolved_14": "cce:/internal/x/cc-fu/tiled-map",
      "__unresolved_15": "cce:/internal/x/cc-fu/tween",
      "__unresolved_16": "cce:/internal/x/cc-fu/ui",
      "__unresolved_17": "cce:/internal/x/cc-fu/video",
      "__unresolved_18": "cce:/internal/x/cc-fu/webview",
      "__unresolved_2": "cce:/internal/x/cc-fu/audio",
      "__unresolved_3": "cce:/internal/x/cc-fu/base",
      "__unresolved_4": "cce:/internal/x/cc-fu/dragon-bones",
      "__unresolved_5": "cce:/internal/x/cc-fu/gfx-webgl",
      "__unresolved_6": "cce:/internal/x/cc-fu/gfx-webgl2",
      "__unresolved_7": "cce:/internal/x/cc-fu/intersection-2d",
      "__unresolved_8": "cce:/internal/x/cc-fu/particle-2d",
      "__unresolved_9": "cce:/internal/x/cc-fu/physics-2d-box2d"
    },
    "./chunks/e6/e690d8d21c3264f88cef1049bc05ae341c5f161a.js": {
      "__unresolved_0": "./chunks/d7/d76b17f07c0096664eb16ff44b67a5558ef071be.js",
      "__unresolved_1": "./chunks/31/3172ca2ef4ee311663f70707e0815f32a1a8955f.js",
      "__unresolved_2": "./chunks/d7/d7b6a8e4674c23d12bd98fe9ce4b41d9b853976a.js",
      "__unresolved_3": "./chunks/1f/1fabb589593c8bcadd7c9af4d70846fe78bc0349.js"
    },
    "./chunks/1f/1fabb589593c8bcadd7c9af4d70846fe78bc0349.js": {
      "__unresolved_0": "./chunks/3a/3a1fd7b13056478820ebedd306d3446d1aa408cc.js",
      "__unresolved_1": "./chunks/d7/d7b6a8e4674c23d12bd98fe9ce4b41d9b853976a.js",
      "__unresolved_2": "./chunks/31/3172ca2ef4ee311663f70707e0815f32a1a8955f.js",
      "__unresolved_3": "./chunks/d7/d76b17f07c0096664eb16ff44b67a5558ef071be.js",
      "cc": "./chunks/90/909f786ffe128f06f5aa1b4e1e3fbbd65262915e.js"
    },
    "./chunks/d7/d76b17f07c0096664eb16ff44b67a5558ef071be.js": {
      "cc": "./chunks/90/909f786ffe128f06f5aa1b4e1e3fbbd65262915e.js"
    },
    "./chunks/31/3172ca2ef4ee311663f70707e0815f32a1a8955f.js": {
      "cc": "./chunks/90/909f786ffe128f06f5aa1b4e1e3fbbd65262915e.js"
    },
    "./chunks/d7/d7b6a8e4674c23d12bd98fe9ce4b41d9b853976a.js": {
      "__unresolved_0": "./chunks/3a/3a1fd7b13056478820ebedd306d3446d1aa408cc.js",
      "cc": "./chunks/90/909f786ffe128f06f5aa1b4e1e3fbbd65262915e.js"
    }
  }
}
