{
  "imports": {
    "cce:/internal/x/cc": "./chunks/06/06905a76530cf57ee019d9d8bcfb507c2d037fd3.js",
    "cce:/internal/x/prerequisite-imports": "./chunks/52/52c5783aa6cb269f6547b0da83ec062fe79b746b.js",
    "file:///Users/liuling/%E5%AD%A6%E4%B9%A0/cocos/daxigua/assets/script/AudioManger.ts": "./chunks/1b/1b064c1cfff3386d9129c9d43b7a3b14c6ea64a8.js",
    "file:///Users/liuling/%E5%AD%A6%E4%B9%A0/cocos/daxigua/assets/script/effectscc.ts": "./chunks/35/35fc070b7714b4b4850665e21a84f7447db338c7.js",
    "file:///Users/liuling/%E5%AD%A6%E4%B9%A0/cocos/daxigua/assets/script/itemContent.ts": "./chunks/6f/6f2e9528fed2cde1efe3adde224831432a3e313d.js",
    "file:///Users/liuling/%E5%AD%A6%E4%B9%A0/cocos/daxigua/assets/script/physitMar.ts": "./chunks/06/067e90d72c076c35e1ce9282e0519945d0283164.js"
  },
  "scopes": {
    "./chunks/06/06905a76530cf57ee019d9d8bcfb507c2d037fd3.js": {
      "__unresolved_0": "cce:/internal/x/cc-fu/base",
      "__unresolved_1": "cce:/internal/x/cc-fu/gfx-webgl",
      "__unresolved_10": "cce:/internal/x/cc-fu/physics-framework",
      "__unresolved_11": "cce:/internal/x/cc-fu/physics-2d-framework",
      "__unresolved_12": "cce:/internal/x/cc-fu/intersection-2d",
      "__unresolved_13": "cce:/internal/x/cc-fu/primitive",
      "__unresolved_14": "cce:/internal/x/cc-fu/profiler",
      "__unresolved_15": "cce:/internal/x/cc-fu/audio",
      "__unresolved_16": "cce:/internal/x/cc-fu/video",
      "__unresolved_17": "cce:/internal/x/cc-fu/terrain",
      "__unresolved_18": "cce:/internal/x/cc-fu/webview",
      "__unresolved_19": "cce:/internal/x/cc-fu/tween",
      "__unresolved_2": "cce:/internal/x/cc-fu/gfx-webgl2",
      "__unresolved_20": "cce:/internal/x/cc-fu/tiled-map",
      "__unresolved_21": "cce:/internal/x/cc-fu/spine",
      "__unresolved_22": "cce:/internal/x/cc-fu/dragon-bones",
      "__unresolved_3": "cce:/internal/x/cc-fu/3d",
      "__unresolved_4": "cce:/internal/x/cc-fu/animation",
      "__unresolved_5": "cce:/internal/x/cc-fu/skeletal-animation",
      "__unresolved_6": "cce:/internal/x/cc-fu/2d",
      "__unresolved_7": "cce:/internal/x/cc-fu/ui",
      "__unresolved_8": "cce:/internal/x/cc-fu/particle",
      "__unresolved_9": "cce:/internal/x/cc-fu/particle-2d"
    },
    "./chunks/52/52c5783aa6cb269f6547b0da83ec062fe79b746b.js": {
      "__unresolved_0": "./chunks/1b/1b064c1cfff3386d9129c9d43b7a3b14c6ea64a8.js",
      "__unresolved_1": "./chunks/35/35fc070b7714b4b4850665e21a84f7447db338c7.js",
      "__unresolved_2": "./chunks/6f/6f2e9528fed2cde1efe3adde224831432a3e313d.js",
      "__unresolved_3": "./chunks/06/067e90d72c076c35e1ce9282e0519945d0283164.js"
    },
    "./chunks/06/067e90d72c076c35e1ce9282e0519945d0283164.js": {
      "__unresolved_0": "./chunks/84/84741ad843cea9a440c5d8c2d379669b6551400d.js",
      "__unresolved_1": "./chunks/6f/6f2e9528fed2cde1efe3adde224831432a3e313d.js",
      "__unresolved_2": "./chunks/35/35fc070b7714b4b4850665e21a84f7447db338c7.js",
      "__unresolved_3": "./chunks/1b/1b064c1cfff3386d9129c9d43b7a3b14c6ea64a8.js",
      "cc": "./chunks/06/06905a76530cf57ee019d9d8bcfb507c2d037fd3.js"
    },
    "./chunks/1b/1b064c1cfff3386d9129c9d43b7a3b14c6ea64a8.js": {
      "cc": "./chunks/06/06905a76530cf57ee019d9d8bcfb507c2d037fd3.js"
    },
    "./chunks/35/35fc070b7714b4b4850665e21a84f7447db338c7.js": {
      "cc": "./chunks/06/06905a76530cf57ee019d9d8bcfb507c2d037fd3.js"
    },
    "./chunks/6f/6f2e9528fed2cde1efe3adde224831432a3e313d.js": {
      "__unresolved_0": "./chunks/84/84741ad843cea9a440c5d8c2d379669b6551400d.js",
      "cc": "./chunks/06/06905a76530cf57ee019d9d8bcfb507c2d037fd3.js"
    }
  }
}
