{
  "/Users/liuling/学习/cocos/feijidazhan4/assets/res.meta": {
    "time": 1653464947122.3562
  },
  "/Users/liuling/学习/cocos/feijidazhan4/assets/res": {
    "time": 1653961487209.412,
    "uuid": "7713636c-0c4c-4a4f-8b67-a86be8e01761",
    "missing": false
  },
  "/Users/liuling/学习/cocos/feijidazhan4/assets/res/texture.meta": {
    "time": 1653464958413.9475
  },
  "/Users/liuling/学习/cocos/feijidazhan4/assets/res/texture/bg01.png.meta": {
    "time": 1653465232549.4797
  },
  "/Users/liuling/学习/cocos/feijidazhan4/assets/res/texture/bg02.png.meta": {
    "time": 1653465232549.969
  },
  "/Users/liuling/学习/cocos/feijidazhan4/assets/res/texture/fightBoxBlood02a.png.meta": {
    "time": 1654135062290.5693
  },
  "/Users/liuling/学习/cocos/feijidazhan4/assets/res/texture/fightBoxBlood02b.png.meta": {
    "time": 1654135062291.3076
  },
  "/Users/liuling/学习/cocos/feijidazhan4/assets/res/texture/fightBoxScore.png.meta": {
    "time": 1653464958449.452
  },
  "/Users/liuling/学习/cocos/feijidazhan4/assets/res/texture/fightBtn01.png.meta": {
    "time": 1653464958478.7878
  },
  "/Users/liuling/学习/cocos/feijidazhan4/assets/res/texture/fightBtn02.png.meta": {
    "time": 1653464958494.2183
  },
  "/Users/liuling/学习/cocos/feijidazhan4/assets/res/texture/fightIconGold.png.meta": {
    "time": 1653464958480.0764
  },
  "/Users/liuling/学习/cocos/feijidazhan4/assets/res/texture/logo.png.meta": {
    "time": 1653464958546.469
  },
  "/Users/liuling/学习/cocos/feijidazhan4/assets/res/texture": {
    "time": 1653464958413.096,
    "uuid": "bcc8f98e-c995-4988-9ce3-adec3a645ed4",
    "missing": false
  },
  "/Users/liuling/学习/cocos/feijidazhan4/assets/res/effect.meta": {
    "time": 1653464958480.595
  },
  "/Users/liuling/学习/cocos/feijidazhan4/assets/res/effect/bullet.meta": {
    "time": 1653464958482.6743
  },
  "/Users/liuling/学习/cocos/feijidazhan4/assets/res/effect/cloud.meta": {
    "time": 1653464958483.86
  },
  "/Users/liuling/学习/cocos/feijidazhan4/assets/res/effect/explode.meta": {
    "time": 1653464958485.993
  },
  "/Users/liuling/学习/cocos/feijidazhan4/assets/res/effect/tailFlame.meta": {
    "time": 1653464958487.198
  },
  "/Users/liuling/学习/cocos/feijidazhan4/assets/res/effect/uiAni.meta": {
    "time": 1653464958489.6406
  },
  "/Users/liuling/学习/cocos/feijidazhan4/assets/res/effect/bullet/bullet01.png.meta": {
    "time": 1653529686739.661
  },
  "/Users/liuling/学习/cocos/feijidazhan4/assets/res/effect/bullet/bullet02.png.meta": {
    "time": 1653529681557.0544
  },
  "/Users/liuling/学习/cocos/feijidazhan4/assets/res/effect/bullet/bullet03.png.meta": {
    "time": 1653529681557.8826
  },
  "/Users/liuling/学习/cocos/feijidazhan4/assets/res/effect/bullet/bullet04.png.meta": {
    "time": 1653529681558.9714
  },
  "/Users/liuling/学习/cocos/feijidazhan4/assets/res/effect/bullet/bullet05.png.meta": {
    "time": 1653529681558.2043
  },
  "/Users/liuling/学习/cocos/feijidazhan4/assets/res/effect/cloud/effectsTextures136.png.meta": {
    "time": 1653464958602.7058
  },
  "/Users/liuling/学习/cocos/feijidazhan4/assets/res/effect/cloud/smoke3.png.meta": {
    "time": 1653464958640.017
  },
  "/Users/liuling/学习/cocos/feijidazhan4/assets/res/effect/explode/flarecore04.png.meta": {
    "time": 1653464958611.259
  },
  "/Users/liuling/学习/cocos/feijidazhan4/assets/res/effect/explode/fxcloudwhite2.png.meta": {
    "time": 1653464958620.158
  },
  "/Users/liuling/学习/cocos/feijidazhan4/assets/res/effect/explode/genericexplosionbigsheet.png.meta": {
    "time": 1653464958666.0454
  },
  "/Users/liuling/学习/cocos/feijidazhan4/assets/res/effect/explode/glowparticlesgenericsheet.png.meta": {
    "time": 1653464958648.2034
  },
  "/Users/liuling/学习/cocos/feijidazhan4/assets/res/effect/explode/path.png.meta": {
    "time": 1653464958667.3723
  },
  "/Users/liuling/学习/cocos/feijidazhan4/assets/res/effect/tailFlame/flame01.png.meta": {
    "time": 1653464958667.9158
  },
  "/Users/liuling/学习/cocos/feijidazhan4/assets/res/effect/uiAni/fightBoxSettlement.png.meta": {
    "time": 1653464958862.6611
  },
  "/Users/liuling/学习/cocos/feijidazhan4/assets/res/effect/uiAni/glow01.png.meta": {
    "time": 1653464958861.793
  },
  "/Users/liuling/学习/cocos/feijidazhan4/assets/res/model.meta": {
    "time": 1653464958666.6812
  },
  "/Users/liuling/学习/cocos/feijidazhan4/assets/res/model/ball.meta": {
    "time": 1653464958668.3608
  },
  "/Users/liuling/学习/cocos/feijidazhan4/assets/res/model/fightIconBullet.meta": {
    "time": 1653464958668.6963
  },
  "/Users/liuling/学习/cocos/feijidazhan4/assets/res/model/plane01.meta": {
    "time": 1653464958669.4656
  },
  "/Users/liuling/学习/cocos/feijidazhan4/assets/res/model/plane02.meta": {
    "time": 1653464958670.9126
  },
  "/Users/liuling/学习/cocos/feijidazhan4/assets/res/model/plane03.meta": {
    "time": 1653464958671.2434
  },
  "/Users/liuling/学习/cocos/feijidazhan4/assets/res/model/stone.meta": {
    "time": 1653464958671.636
  },
  "/Users/liuling/学习/cocos/feijidazhan4/assets/res/model/ball/ball.FBX.meta": {
    "time": 1653464959580.9226
  },
  "/Users/liuling/学习/cocos/feijidazhan4/assets/res/model/ball/ball.jpg.meta": {
    "time": 1653464958876.708
  },
  "/Users/liuling/学习/cocos/feijidazhan4/assets/res/model/fightIconBullet/fightIconBullet01.png.meta": {
    "time": 1653990113348.564
  },
  "/Users/liuling/学习/cocos/feijidazhan4/assets/res/model/fightIconBullet/fightIconBullet02.png.meta": {
    "time": 1653990113347.785
  },
  "/Users/liuling/学习/cocos/feijidazhan4/assets/res/model/fightIconBullet/fightIconBullet03.png.meta": {
    "time": 1653990113347.4355
  },
  "/Users/liuling/学习/cocos/feijidazhan4/assets/res/model/plane01/plane01.FBX.meta": {
    "time": 1653464959582.3115
  },
  "/Users/liuling/学习/cocos/feijidazhan4/assets/res/model/plane01/plane01.jpg.meta": {
    "time": 1653466247361.1714
  },
  "/Users/liuling/学习/cocos/feijidazhan4/assets/res/model/plane02/plane02.FBX.meta": {
    "time": 1653464959579.0002
  },
  "/Users/liuling/学习/cocos/feijidazhan4/assets/res/model/plane02/plane02.jpg.meta": {
    "time": 1653960640983.4695
  },
  "/Users/liuling/学习/cocos/feijidazhan4/assets/res/model/plane03/plane03.FBX.meta": {
    "time": 1653464959600.3835
  },
  "/Users/liuling/学习/cocos/feijidazhan4/assets/res/model/plane03/plane03.jpg.meta": {
    "time": 1653960635303.1638
  },
  "/Users/liuling/学习/cocos/feijidazhan4/assets/res/model/stone/coreWind.png.meta": {
    "time": 1653464959253.937
  },
  "/Users/liuling/学习/cocos/feijidazhan4/assets/res/model/stone/effectsTextures16451.png.meta": {
    "time": 1653464959267.5862
  },
  "/Users/liuling/学习/cocos/feijidazhan4/assets/res/model/stone/lightning001.png.meta": {
    "time": 1653464959337.0505
  },
  "/Users/liuling/学习/cocos/feijidazhan4/assets/res/model/stone/lightningClamp012.png.meta": {
    "time": 1653464959381.4287
  },
  "/Users/liuling/学习/cocos/feijidazhan4/assets/res/model/stone/lightningblue.png.meta": {
    "time": 1653464959400.9644
  },
  "/Users/liuling/学习/cocos/feijidazhan4/assets/res/model/stone/stone.FBX.meta": {
    "time": 1653464959636.2444
  },
  "/Users/liuling/学习/cocos/feijidazhan4/assets/res/model/stone/stone.jpg.meta": {
    "time": 1653464959612.9956
  },
  "/Users/liuling/学习/cocos/feijidazhan4/assets/res/texture/fightBoxScore.png": {
    "time": 1653464958395.2214,
    "uuid": "488447bc-97d8-4d0d-ae2a-868d7d1d4184",
    "missing": false
  },
  "/Users/liuling/学习/cocos/feijidazhan4/assets/res/texture/fightBoxBlood02a.png": {
    "time": 1653464958396.0073,
    "uuid": "64af1bbb-e52e-4cd7-bb39-c76b0b30b8af",
    "missing": false
  },
  "/Users/liuling/学习/cocos/feijidazhan4/assets/res/texture/fightBoxBlood02b.png": {
    "time": 1653464958395.6162,
    "uuid": "c213393a-fa99-4d95-ae4b-a91a0d81f976",
    "missing": false
  },
  "/Users/liuling/学习/cocos/feijidazhan4/assets/res/texture/fightBtn01.png": {
    "time": 1653464958394.8408,
    "uuid": "cddcef37-6145-4e73-8368-5e04f9e6b5bb",
    "missing": false
  },
  "/Users/liuling/学习/cocos/feijidazhan4/assets/res/texture/fightIconGold.png": {
    "time": 1653464958393.9268,
    "uuid": "f932906e-536a-405c-96f9-1a8669f35ac1",
    "missing": false
  },
  "/Users/liuling/学习/cocos/feijidazhan4/assets/res/effect": {
    "time": 1653464958417.7896,
    "uuid": "aefe5e58-6bbb-4bdd-b6b6-a8a3968510e5",
    "missing": false
  },
  "/Users/liuling/学习/cocos/feijidazhan4/assets/res/effect/bullet": {
    "time": 1653530213813.0332,
    "uuid": "a736abe6-52bc-4414-ac75-1732ffdc6576",
    "missing": false
  },
  "/Users/liuling/学习/cocos/feijidazhan4/assets/res/effect/cloud": {
    "time": 1653464958418.6985,
    "uuid": "42e10ac9-31c0-431e-af8c-fdf2502d6d2b",
    "missing": false
  },
  "/Users/liuling/学习/cocos/feijidazhan4/assets/res/effect/explode": {
    "time": 1653464958419.3093,
    "uuid": "bb18c0db-2dff-42eb-ba5a-6795f226097c",
    "missing": false
  },
  "/Users/liuling/学习/cocos/feijidazhan4/assets/res/effect/tailFlame": {
    "time": 1653464958419.43,
    "uuid": "aef90215-c49a-4720-ae72-2bb00a10c66a",
    "missing": false
  },
  "/Users/liuling/学习/cocos/feijidazhan4/assets/res/effect/uiAni": {
    "time": 1653464958419.691,
    "uuid": "85cd4369-01a9-4a42-9de5-fd759492c5e5",
    "missing": false
  },
  "/Users/liuling/学习/cocos/feijidazhan4/assets/res/texture/bg01.png": {
    "time": 1653464958406.9783,
    "uuid": "cf408de0-59f8-4ce9-b574-17234af6c703",
    "missing": false
  },
  "/Users/liuling/学习/cocos/feijidazhan4/assets/res/texture/fightBtn02.png": {
    "time": 1653464958394.42,
    "uuid": "16f55e55-5873-4422-b9b1-11846d163217",
    "missing": false
  },
  "/Users/liuling/学习/cocos/feijidazhan4/assets/res/texture/bg02.png": {
    "time": 1653464958398.9775,
    "uuid": "c51631b8-c36d-41ca-95ff-05b5e3427980",
    "missing": false
  },
  "/Users/liuling/学习/cocos/feijidazhan4/assets/res/texture/logo.png": {
    "time": 1653464958393.3315,
    "uuid": "b182dd4d-a40c-4514-9d29-dd9cc0683960",
    "missing": false
  },
  "/Users/liuling/学习/cocos/feijidazhan4/assets/res/effect/bullet/bullet03.png": {
    "time": 1653464958413.294,
    "uuid": "a6886d89-ff42-4720-b28c-530b06be404a",
    "missing": false
  },
  "/Users/liuling/学习/cocos/feijidazhan4/assets/res/effect/bullet/bullet01.png": {
    "time": 1653464958414.1143,
    "uuid": "5adaca3f-658e-41ef-88ea-b0c21fa1092c",
    "missing": false
  },
  "/Users/liuling/学习/cocos/feijidazhan4/assets/res/effect/bullet/bullet02.png": {
    "time": 1653464958413.8464,
    "uuid": "abe140c7-739f-4e0d-b75a-c43a3733ffd0",
    "missing": false
  },
  "/Users/liuling/学习/cocos/feijidazhan4/assets/res/effect/bullet/bullet04.png": {
    "time": 1653464958412.9478,
    "uuid": "54c32374-4bde-46d5-8c40-541904ebe195",
    "missing": false
  },
  "/Users/liuling/学习/cocos/feijidazhan4/assets/res/effect/bullet/bullet05.png": {
    "time": 1653464958412.6301,
    "uuid": "30f7e42f-3d3c-4832-9143-ed0db83e4233",
    "missing": false
  },
  "/Users/liuling/学习/cocos/feijidazhan4/assets/res/effect/cloud/effectsTextures136.png": {
    "time": 1653464958409.3652,
    "uuid": "2255e990-cfd7-4254-bafe-a9e144b6daf1",
    "missing": false
  },
  "/Users/liuling/学习/cocos/feijidazhan4/assets/res/effect/explode/flarecore04.png": {
    "time": 1653464958405.582,
    "uuid": "328b1234-ce88-4d65-8c66-db089fbba907",
    "missing": false
  },
  "/Users/liuling/学习/cocos/feijidazhan4/assets/res/effect/explode/fxcloudwhite2.png": {
    "time": 1653464958401.9434,
    "uuid": "74e7df96-6ff2-419f-83f8-f5a490ee8310",
    "missing": false
  },
  "/Users/liuling/学习/cocos/feijidazhan4/assets/res/effect/cloud/smoke3.png": {
    "time": 1653464958409.0862,
    "uuid": "5c0787e7-cec8-4c32-863e-48fcf9cb9f69",
    "missing": false
  },
  "/Users/liuling/学习/cocos/feijidazhan4/assets/res/effect/explode/glowparticlesgenericsheet.png": {
    "time": 1653464958395.915,
    "uuid": "ef03064b-1899-46d9-8f63-652399eb1a36",
    "missing": false
  },
  "/Users/liuling/学习/cocos/feijidazhan4/assets/res/effect/explode/genericexplosionbigsheet.png": {
    "time": 1653464958398.4878,
    "uuid": "cabb6c71-753d-46a2-92a7-d286db1d317a",
    "missing": false
  },
  "/Users/liuling/学习/cocos/feijidazhan4/assets/res/model": {
    "time": 1653464958421.5925,
    "uuid": "a5726bc8-0ffc-48bb-be47-094003ce38b2",
    "missing": false
  },
  "/Users/liuling/学习/cocos/feijidazhan4/assets/res/effect/explode/path.png": {
    "time": 1653464958395.5635,
    "uuid": "abafdac9-f95d-4939-9f37-265babba4ed4",
    "missing": false
  },
  "/Users/liuling/学习/cocos/feijidazhan4/assets/res/effect/tailFlame/flame01.png": {
    "time": 1653464958394.87,
    "uuid": "e54f0983-0dda-4e84-b598-9c9f96ab6c31",
    "missing": false
  },
  "/Users/liuling/学习/cocos/feijidazhan4/assets/res/model/ball": {
    "time": 1653464958421.8203,
    "uuid": "023293e7-4154-431f-9a1a-620fb5ef684f",
    "missing": false
  },
  "/Users/liuling/学习/cocos/feijidazhan4/assets/res/model/fightIconBullet": {
    "time": 1653990175246.9897,
    "uuid": "8ad1f3c4-94e5-4e9a-a40f-84eaf4742265",
    "missing": false
  },
  "/Users/liuling/学习/cocos/feijidazhan4/assets/res/model/plane01": {
    "time": 1653961517210.4136,
    "uuid": "26b2a33e-d398-48b0-ac13-c3d0c4d946f4",
    "missing": false
  },
  "/Users/liuling/学习/cocos/feijidazhan4/assets/res/model/plane02": {
    "time": 1653464958422.885,
    "uuid": "fc0229a9-ca3e-42ef-b33b-a7be4e0c23d7",
    "missing": false
  },
  "/Users/liuling/学习/cocos/feijidazhan4/assets/res/model/plane03": {
    "time": 1653464958423.2788,
    "uuid": "39f365c2-b4a5-4dd1-8cd4-8c9c6e3312ce",
    "missing": false
  },
  "/Users/liuling/学习/cocos/feijidazhan4/assets/res/model/stone": {
    "time": 1653464958424.1282,
    "uuid": "41884135-d800-4e77-a62d-24f74ad69bf4",
    "missing": false
  },
  "/Users/liuling/学习/cocos/feijidazhan4/assets/res/effect/uiAni/glow01.png": {
    "time": 1653464958393.1602,
    "uuid": "e3c67e22-f4f0-4930-95f7-675d00c92ff6",
    "missing": false
  },
  "/Users/liuling/学习/cocos/feijidazhan4/assets/res/effect/uiAni/fightBoxSettlement.png": {
    "time": 1653464958394.0386,
    "uuid": "b4a54334-30c9-4625-875a-fde06e3abfeb",
    "missing": false
  },
  "/Users/liuling/学习/cocos/feijidazhan4/assets/res/model/fightIconBullet/fightIconBullet01.png": {
    "time": 1653464958417.572,
    "uuid": "5cbe17a9-4533-4cfd-948d-904cc7f8e262",
    "missing": false
  },
  "/Users/liuling/学习/cocos/feijidazhan4/assets/res/model/ball/ball.jpg": {
    "time": 1653464958418.5176,
    "uuid": "b7236f20-ad62-45e6-8960-002a4b9f54be",
    "missing": false
  },
  "/Users/liuling/学习/cocos/feijidazhan4/assets/res/model/fightIconBullet/fightIconBullet02.png": {
    "time": 1653464958417.2634,
    "uuid": "c2a253da-2952-46c1-bcd1-a238b5a70c8c",
    "missing": false
  },
  "/Users/liuling/学习/cocos/feijidazhan4/assets/res/model/fightIconBullet/fightIconBullet03.png": {
    "time": 1653464958416.959,
    "uuid": "aa5bc032-2691-4753-a8ca-3a3eacbcebce",
    "missing": false
  },
  "/Users/liuling/学习/cocos/feijidazhan4/assets/res/model/plane01/plane01.jpg": {
    "time": 1653464958415.2646,
    "uuid": "a3919403-d82b-4699-a64c-094c0d471ad0",
    "missing": false
  },
  "/Users/liuling/学习/cocos/feijidazhan4/assets/res/model/plane02/plane02.jpg": {
    "time": 1653464958410.7031,
    "uuid": "de926fa5-5d9d-4688-8d84-60004e627783",
    "missing": false
  },
  "/Users/liuling/学习/cocos/feijidazhan4/assets/res/model/plane03/plane03.jpg": {
    "time": 1653464958406.2773,
    "uuid": "3247c402-c371-4aad-a14f-b92727c1545a",
    "missing": false
  },
  "/Users/liuling/学习/cocos/feijidazhan4/assets/res/model/stone/coreWind.png": {
    "time": 1653464958400.7454,
    "uuid": "57477cbf-e610-475d-9145-7b9b7bc9e7b0",
    "missing": false
  },
  "/Users/liuling/学习/cocos/feijidazhan4/assets/res/model/stone/effectsTextures16451.png": {
    "time": 1653464958399.062,
    "uuid": "3a7eb241-a223-4e46-9c8c-6af1db84923b",
    "missing": false
  },
  "/Users/liuling/学习/cocos/feijidazhan4/assets/res/model/stone/lightning001.png": {
    "time": 1653464958398.6064,
    "uuid": "99994c13-fa5e-497a-bc73-42922a19e45b",
    "missing": false
  },
  "/Users/liuling/学习/cocos/feijidazhan4/assets/res/model/stone/lightningClamp012.png": {
    "time": 1653464958396.1968,
    "uuid": "29e9a2f2-ce1e-4ffe-bb2a-84cc10679aa4",
    "missing": false
  },
  "/Users/liuling/学习/cocos/feijidazhan4/assets/res/model/stone/lightningblue.png": {
    "time": 1653464958395.6663,
    "uuid": "244b113d-6d34-4d2d-80e0-28aee4e60e98",
    "missing": false
  },
  "/Users/liuling/学习/cocos/feijidazhan4/assets/res/model/plane02/plane02.FBX": {
    "time": 1653464958412.851,
    "uuid": "d464ec3e-4126-4474-9e4a-7f167bc4d3a0",
    "missing": false
  },
  "/Users/liuling/学习/cocos/feijidazhan4/assets/res/model/ball/ball.FBX": {
    "time": 1653464958418.8875,
    "uuid": "8f78993d-6935-4da8-aa22-3d1fdab36584",
    "missing": false
  },
  "/Users/liuling/学习/cocos/feijidazhan4/assets/res/model/plane01/plane01.FBX": {
    "time": 1653464958416.1238,
    "uuid": "37d75438-1f95-467d-858e-5294c122e532",
    "missing": false
  },
  "/Users/liuling/学习/cocos/feijidazhan4/assets/res/model/plane03/plane03.FBX": {
    "time": 1653464958406.9375,
    "uuid": "c0107fed-bcf3-44d3-a0dd-827177eb8bb6",
    "missing": false
  },
  "/Users/liuling/学习/cocos/feijidazhan4/assets/res/model/stone/stone.jpg": {
    "time": 1653464958394.1,
    "uuid": "90db2df8-709f-4702-baec-bb1bb2f4eb86",
    "missing": false
  },
  "/Users/liuling/学习/cocos/feijidazhan4/assets/res/model/stone/stone.FBX": {
    "time": 1653464958395.2185,
    "uuid": "f8f473de-f26f-458c-9948-9367956265c5",
    "missing": false
  },
  "/Users/liuling/学习/cocos/feijidazhan4/assets/res/background.meta": {
    "time": 1653465206703.808
  },
  "/Users/liuling/学习/cocos/feijidazhan4/assets/res/background": {
    "time": 1653960663139.69,
    "uuid": "09a6a68d-ca51-4cf9-a8e1-52c877aff86b",
    "missing": false
  },
  "/Users/liuling/学习/cocos/feijidazhan4/assets/res/background/bg.mtl.meta": {
    "time": 1653465212809.2202
  },
  "/Users/liuling/学习/cocos/feijidazhan4/assets/res/background/bg.mtl": {
    "time": 1653465249937.0588,
    "uuid": "50fb46f8-f80f-47c7-a074-641b22f452ee",
    "missing": false
  },
  "/Users/liuling/学习/cocos/feijidazhan4/assets/res/background/plane01.mtl.meta": {
    "time": 1653466185990.6436
  },
  "/Users/liuling/学习/cocos/feijidazhan4/assets/res/background/plane01.mtl": {
    "time": 1653466254292.355,
    "uuid": "c1ee21f3-5cc8-4490-8da1-81cefddb4871",
    "missing": false
  },
  "/Users/liuling/学习/cocos/feijidazhan4/assets/scene.meta": {
    "time": 1653466437119.4324
  },
  "/Users/liuling/学习/cocos/feijidazhan4/assets/scene": {
    "time": 1653466440016.2961,
    "uuid": "b7ac69dc-cbc7-42da-956c-619c605d8c04",
    "missing": false
  },
  "/Users/liuling/学习/cocos/feijidazhan4/assets/scene/game.scene.meta": {
    "time": 1653465504099.6272
  },
  "/Users/liuling/学习/cocos/feijidazhan4/assets/scene/game.scene": {
    "time": 1654136793660.8093,
    "uuid": "999658bc-36f2-40aa-9141-fdba7b3f2eeb",
    "missing": false
  },
  "/Users/liuling/学习/cocos/feijidazhan4/assets/script.meta": {
    "time": 1653466461031.8577
  },
  "/Users/liuling/学习/cocos/feijidazhan4/assets/script": {
    "time": 1653991883138.8125,
    "uuid": "0befc636-8320-4fa8-ae4f-e1e51ac0465d",
    "missing": false
  },
  "/Users/liuling/学习/cocos/feijidazhan4/assets/script/movebg.ts.meta": {
    "time": 1653466476691.5498
  },
  "/Users/liuling/学习/cocos/feijidazhan4/assets/script/movebg.ts": {
    "time": 1653467098377.8005,
    "uuid": "e3e36cfb-2043-4536-8387-216bd486cb61",
    "missing": false
  },
  "/Users/liuling/学习/cocos/feijidazhan4/assets/script/framework.meta": {
    "time": 1653471073802.9875
  },
  "/Users/liuling/学习/cocos/feijidazhan4/assets/script/framework": {
    "time": 1654133270434.7249,
    "uuid": "fd7bbc82-8f0e-48af-90e4-a813d09b355f",
    "missing": false
  },
  "/Users/liuling/学习/cocos/feijidazhan4/assets/script/plane.meta": {
    "time": 1653474627716.0562
  },
  "/Users/liuling/学习/cocos/feijidazhan4/assets/script/plane": {
    "time": 1653549789001.4543,
    "uuid": "02f4c24e-5568-4083-8e88-d5f807c00e28",
    "missing": false
  },
  "/Users/liuling/学习/cocos/feijidazhan4/assets/script/ui.meta": {
    "time": 1653471166950.9944
  },
  "/Users/liuling/学习/cocos/feijidazhan4/assets/script/ui": {
    "time": 1653471222098.9321,
    "uuid": "dafd0ec6-633c-46b5-bd55-b1da429a3d52",
    "missing": false
  },
  "/Users/liuling/学习/cocos/feijidazhan4/assets/script/plane/selfPlane.ts.meta": {
    "time": 1653467222988.033
  },
  "/Users/liuling/学习/cocos/feijidazhan4/assets/script/plane/selfPlane.ts": {
    "time": 1654136349870.4631,
    "uuid": "e383d211-fbe8-4267-ad81-288ded2fff3f",
    "missing": false
  },
  "/Users/liuling/学习/cocos/feijidazhan4/assets/script/ui/UIMain.ts.meta": {
    "time": 1653471222100.2632
  },
  "/Users/liuling/学习/cocos/feijidazhan4/assets/script/ui/UIMain.ts": {
    "time": 1654082905235.2222,
    "uuid": "360950e8-11e1-458c-9d5a-ea2e1626049b",
    "missing": false
  },
  "/Users/liuling/学习/cocos/feijidazhan4/assets/script/bullite.meta": {
    "time": 1653529014292.8477
  },
  "/Users/liuling/学习/cocos/feijidazhan4/assets/script/bullite": {
    "time": 1653991943368.514,
    "uuid": "dabd5fa6-dc8c-4881-a5b8-2f868e58dc7d",
    "missing": false
  },
  "/Users/liuling/学习/cocos/feijidazhan4/assets/script/bullite/Bullet.ts.meta": {
    "time": 1653529079404.7607
  },
  "/Users/liuling/学习/cocos/feijidazhan4/assets/script/bullite/Bullet.ts": {
    "time": 1654078799026.511,
    "uuid": "c483e62c-f2e8-4d93-83d4-06943fda4ecb",
    "missing": false
  },
  "/Users/liuling/学习/cocos/feijidazhan4/assets/res/effect/bullet/bullet01.mtl.meta": {
    "time": 1653529618553.8015
  },
  "/Users/liuling/学习/cocos/feijidazhan4/assets/res/effect/bullet/bullet01.mtl": {
    "time": 1653529696742.3872,
    "uuid": "21dd8d2f-9ceb-41e6-b7de-0967af39a656",
    "missing": false
  },
  "/Users/liuling/学习/cocos/feijidazhan4/assets/res/effect/bullet/bullet02.mtl.meta": {
    "time": 1653529702327.6233
  },
  "/Users/liuling/学习/cocos/feijidazhan4/assets/res/effect/bullet/bullet02.mtl": {
    "time": 1653529721634.7244,
    "uuid": "4e267abc-0792-4c64-974e-f080a81a0905",
    "missing": false
  },
  "/Users/liuling/学习/cocos/feijidazhan4/assets/res/effect/bullet/bullet03.mtl.meta": {
    "time": 1653529702865.7344
  },
  "/Users/liuling/学习/cocos/feijidazhan4/assets/res/effect/bullet/bullet03.mtl": {
    "time": 1653529729556.56,
    "uuid": "8a5055fb-6d67-4c46-999c-36e4df6b83eb",
    "missing": false
  },
  "/Users/liuling/学习/cocos/feijidazhan4/assets/res/effect/bullet/bullet04.mtl.meta": {
    "time": 1653529703385.6272
  },
  "/Users/liuling/学习/cocos/feijidazhan4/assets/res/effect/bullet/bullet04.mtl": {
    "time": 1653529736728.7793,
    "uuid": "5a6ac071-4e40-4f07-a6d7-9563f596d418",
    "missing": false
  },
  "/Users/liuling/学习/cocos/feijidazhan4/assets/res/effect/bullet/bullet05.mtl.meta": {
    "time": 1653529711488.9302
  },
  "/Users/liuling/学习/cocos/feijidazhan4/assets/res/effect/bullet/bullet05.mtl": {
    "time": 1653529743506.2527,
    "uuid": "0067f45d-dbe9-47b6-9d4b-cd8207d7bfe7",
    "missing": false
  },
  "/Users/liuling/学习/cocos/feijidazhan4/assets/res/effect/bullet/bullet01.prefab.meta": {
    "time": 1653530104252.1587
  },
  "/Users/liuling/学习/cocos/feijidazhan4/assets/res/effect/bullet/bullet01.prefab": {
    "time": 1653986806731.0488,
    "uuid": "ce49cb3e-2040-4618-957f-c41d3eeaa265",
    "missing": false
  },
  "/Users/liuling/学习/cocos/feijidazhan4/assets/res/effect/bullet/bullet02.prefab.meta": {
    "time": 1653530211916.6929
  },
  "/Users/liuling/学习/cocos/feijidazhan4/assets/res/effect/bullet/bullet02.prefab": {
    "time": 1653984453071.9434,
    "uuid": "2cfaa76a-b1c3-481b-bf93-58d3238c5c45",
    "missing": false
  },
  "/Users/liuling/学习/cocos/feijidazhan4/assets/res/effect/bullet/bullet03.prefab.meta": {
    "time": 1653530212619.6301
  },
  "/Users/liuling/学习/cocos/feijidazhan4/assets/res/effect/bullet/bullet03.prefab": {
    "time": 1653987267380.5854,
    "uuid": "9f232b07-89a7-4980-9dfc-b70e3db21a75",
    "missing": false
  },
  "/Users/liuling/学习/cocos/feijidazhan4/assets/res/effect/bullet/bullet04.prefab.meta": {
    "time": 1653530213096.088
  },
  "/Users/liuling/学习/cocos/feijidazhan4/assets/res/effect/bullet/bullet04.prefab": {
    "time": 1653987240967.8738,
    "uuid": "4e643309-e6c6-4bd3-b846-ef7dc8e0619a",
    "missing": false
  },
  "/Users/liuling/学习/cocos/feijidazhan4/assets/res/effect/bullet/bullet05.prefab.meta": {
    "time": 1653530213816.5454
  },
  "/Users/liuling/学习/cocos/feijidazhan4/assets/res/effect/bullet/bullet05.prefab": {
    "time": 1653987203390.654,
    "uuid": "399505a7-5c56-4453-bfe3-08b0f540a743",
    "missing": false
  },
  "/Users/liuling/学习/cocos/feijidazhan4/assets/script/framework/GameManger.ts.meta": {
    "time": 1653530678325.2456
  },
  "/Users/liuling/学习/cocos/feijidazhan4/assets/script/framework/GameManger.ts": {
    "time": 1654136557686.627,
    "uuid": "8368da3d-5a31-486f-a04c-1fb189ed08a2",
    "missing": false
  },
  "/Users/liuling/学习/cocos/feijidazhan4/assets/script/plane/enemyPlay.ts.meta": {
    "time": 1653549789013.8247
  },
  "/Users/liuling/学习/cocos/feijidazhan4/assets/script/plane/enemyPlay.ts": {
    "time": 1654079891075.6638,
    "uuid": "e65f5852-c117-412e-a4c5-e94cb06ebeb1",
    "missing": false
  },
  "/Users/liuling/学习/cocos/feijidazhan4/assets/res/background/plane02.mtl.meta": {
    "time": 1653960611153.8765
  },
  "/Users/liuling/学习/cocos/feijidazhan4/assets/res/background/plane02.mtl": {
    "time": 1653960648920.5557,
    "uuid": "0d2d067f-3817-4494-8a7e-7b583189f086",
    "missing": false
  },
  "/Users/liuling/学习/cocos/feijidazhan4/assets/res/background/plane03.mtl.meta": {
    "time": 1653960663139.22
  },
  "/Users/liuling/学习/cocos/feijidazhan4/assets/res/background/plane03.mtl": {
    "time": 1653960745888.9783,
    "uuid": "4ef674e6-f88a-4121-a219-8fa80db1143d",
    "missing": false
  },
  "/Users/liuling/学习/cocos/feijidazhan4/assets/res/prefab.meta": {
    "time": 1653961487211.6794
  },
  "/Users/liuling/学习/cocos/feijidazhan4/assets/res/prefab": {
    "time": 1653990817353.1213,
    "uuid": "6290eee1-0e7c-44aa-b709-0a04aea039a9",
    "missing": false
  },
  "/Users/liuling/学习/cocos/feijidazhan4/assets/res/prefab/plane02.prefab.meta": {
    "time": 1653961492937.1716
  },
  "/Users/liuling/学习/cocos/feijidazhan4/assets/res/prefab/plane02.prefab": {
    "time": 1653986459010.469,
    "uuid": "972b7422-61a8-4fab-878e-ea621a5a2f3c",
    "missing": false
  },
  "/Users/liuling/学习/cocos/feijidazhan4/assets/res/prefab/plane03.prefab.meta": {
    "time": 1653961497460.7952
  },
  "/Users/liuling/学习/cocos/feijidazhan4/assets/res/prefab/plane03.prefab": {
    "time": 1653983773332.0361,
    "uuid": "bf21c62c-32ee-4e55-ae12-3a80f92aa11c",
    "missing": false
  },
  "/Users/liuling/学习/cocos/feijidazhan4/assets/res/prefab/plane01.prefab.meta": {
    "time": 1653960743688.319
  },
  "/Users/liuling/学习/cocos/feijidazhan4/assets/res/prefab/plane01.prefab": {
    "time": 1653989256625.0317,
    "uuid": "0c46b956-3e35-446c-8c38-7c27cb39578a",
    "missing": false
  },
  "/Users/liuling/学习/cocos/feijidazhan4/assets/script/framework/Constent.ts.meta": {
    "time": 1653963020896.1519
  },
  "/Users/liuling/学习/cocos/feijidazhan4/assets/script/framework/Constent.ts": {
    "time": 1654136260142.3845,
    "uuid": "d54746a5-f6c3-404a-bfec-8ff2dd61eccc",
    "missing": false
  },
  "/Users/liuling/学习/cocos/feijidazhan4/assets/res/model/fightIconBullet/bullets.mtl.meta": {
    "time": 1653989935082.9456
  },
  "/Users/liuling/学习/cocos/feijidazhan4/assets/res/model/fightIconBullet/bullets.mtl": {
    "time": 1653990121911.9116,
    "uuid": "6defbf4e-2cdf-4c46-b25f-9bebdbd4fde0",
    "missing": false
  },
  "/Users/liuling/学习/cocos/feijidazhan4/assets/res/model/fightIconBullet/nulleth.mtl.meta": {
    "time": 1653990141923.1646
  },
  "/Users/liuling/学习/cocos/feijidazhan4/assets/res/model/fightIconBullet/nulleth.mtl": {
    "time": 1653990159879.798,
    "uuid": "b00edf91-f677-40a0-b8f2-07986a42655a",
    "missing": false
  },
  "/Users/liuling/学习/cocos/feijidazhan4/assets/res/model/fightIconBullet/bulletm.mtl.meta": {
    "time": 1653990175251.765
  },
  "/Users/liuling/学习/cocos/feijidazhan4/assets/res/model/fightIconBullet/bulletm.mtl": {
    "time": 1653990207068.064,
    "uuid": "fbf14da2-a9f1-4e31-a01c-d32a2d1ee6e5",
    "missing": false
  },
  "/Users/liuling/学习/cocos/feijidazhan4/assets/res/prefab/bulletm.prefab.meta": {
    "time": 1653990779392.5745
  },
  "/Users/liuling/学习/cocos/feijidazhan4/assets/res/prefab/bulletm.prefab": {
    "time": 1653997987563.7224,
    "uuid": "e089cc0c-54b7-44ca-9f4e-4981d0324640",
    "missing": false
  },
  "/Users/liuling/学习/cocos/feijidazhan4/assets/res/prefab/bullets.prefab.meta": {
    "time": 1653990803173.3555
  },
  "/Users/liuling/学习/cocos/feijidazhan4/assets/res/prefab/bullets.prefab": {
    "time": 1654053036201.4592,
    "uuid": "c6e57610-cf41-4b79-8998-d9bbb7000f93",
    "missing": false
  },
  "/Users/liuling/学习/cocos/feijidazhan4/assets/res/prefab/bulleth.prefab.meta": {
    "time": 1653990817359.0022
  },
  "/Users/liuling/学习/cocos/feijidazhan4/assets/res/prefab/bulleth.prefab": {
    "time": 1653997996154.175,
    "uuid": "82f8b664-9591-450b-bd1b-77032368095e",
    "missing": false
  },
  "/Users/liuling/学习/cocos/feijidazhan4/assets/script/bullite/bulletProp.ts.meta": {
    "time": 1653991943373.3098
  },
  "/Users/liuling/学习/cocos/feijidazhan4/assets/script/bullite/bulletProp.ts": {
    "time": 1654053150348.5933,
    "uuid": "b726e34f-5a85-4b20-8ed5-102038ac71fe",
    "missing": false
  },
  "/Users/liuling/学习/cocos/feijidazhan4/assets/audio.meta": {
    "time": 1654080729748.9478
  },
  "/Users/liuling/学习/cocos/feijidazhan4/assets/audio/music.meta": {
    "time": 1654080729749.2517
  },
  "/Users/liuling/学习/cocos/feijidazhan4/assets/audio/sound.meta": {
    "time": 1654080729749.3977
  },
  "/Users/liuling/学习/cocos/feijidazhan4/assets/audio/music/bgm.mp3.meta": {
    "time": 1654080730093.1038
  },
  "/Users/liuling/学习/cocos/feijidazhan4/assets/audio/sound/bullet1.mp3.meta": {
    "time": 1654080730092.8716
  },
  "/Users/liuling/学习/cocos/feijidazhan4/assets/audio/sound/bullet2.mp3.meta": {
    "time": 1654080730092.0054
  },
  "/Users/liuling/学习/cocos/feijidazhan4/assets/audio/sound/button.mp3.meta": {
    "time": 1654080730094.312
  },
  "/Users/liuling/学习/cocos/feijidazhan4/assets/audio/sound/enemy.mp3.meta": {
    "time": 1654080730093.9692
  },
  "/Users/liuling/学习/cocos/feijidazhan4/assets/audio/sound/player.mp3.meta": {
    "time": 1654080730103.5618
  },
  "/Users/liuling/学习/cocos/feijidazhan4/assets/audio": {
    "time": 1654080729727.1887,
    "uuid": "85f9c4e9-a9d7-4b37-98d6-b609019d02eb",
    "missing": false
  },
  "/Users/liuling/学习/cocos/feijidazhan4/assets/audio/music": {
    "time": 1654080729727.4358,
    "uuid": "0018dd47-dd97-496c-8da3-7569a68a9cf6",
    "missing": false
  },
  "/Users/liuling/学习/cocos/feijidazhan4/assets/audio/sound": {
    "time": 1654080729728.4265,
    "uuid": "d64529d8-99dd-496d-b3dc-aeb9bd68b8bb",
    "missing": false
  },
  "/Users/liuling/学习/cocos/feijidazhan4/assets/audio/sound/bullet2.mp3": {
    "time": 1639028633000,
    "uuid": "336bc2b1-2c1b-43a4-b6db-f32afecace59",
    "missing": false
  },
  "/Users/liuling/学习/cocos/feijidazhan4/assets/audio/sound/bullet1.mp3": {
    "time": 1639028633000,
    "uuid": "fa6d69c7-a079-49ca-b4c2-727dcfdbf871",
    "missing": false
  },
  "/Users/liuling/学习/cocos/feijidazhan4/assets/audio/music/bgm.mp3": {
    "time": 1639028633000,
    "uuid": "b6cc0d58-e33e-4352-aeba-f7c60b7f2bda",
    "missing": false
  },
  "/Users/liuling/学习/cocos/feijidazhan4/assets/audio/sound/enemy.mp3": {
    "time": 1639028633000,
    "uuid": "07dc9287-9d5d-4073-b113-11674fa551a0",
    "missing": false
  },
  "/Users/liuling/学习/cocos/feijidazhan4/assets/audio/sound/button.mp3": {
    "time": 1639028633000,
    "uuid": "5d887213-cc16-49db-8f20-ecb1046db053",
    "missing": false
  },
  "/Users/liuling/学习/cocos/feijidazhan4/assets/audio/sound/player.mp3": {
    "time": 1639028633000,
    "uuid": "7194f426-89a2-4634-8b03-530c206a2b69",
    "missing": false
  },
  "/Users/liuling/学习/cocos/feijidazhan4/assets/script/framework/AudioManger.ts.meta": {
    "time": 1654081180763.4084
  },
  "/Users/liuling/学习/cocos/feijidazhan4/assets/script/framework/AudioManger.ts": {
    "time": 1654081813949.5884,
    "uuid": "f6dae24b-502a-48ca-96ae-c09884deb0af",
    "missing": false
  },
  "/Users/liuling/学习/cocos/feijidazhan4/assets/script/framework/PoolManager.ts.meta": {
    "time": 1654133270437.9202
  },
  "/Users/liuling/学习/cocos/feijidazhan4/assets/script/framework/PoolManager.ts": {
    "time": 1654133270430.8884,
    "uuid": "fa9d9845-2e58-498c-a263-6951ffb839cc",
    "missing": false
  }
}
