[
    1,
    [
        "a3CAxKqTBEmJWnLAFcudcE@6c48a"
    ],
    [
        "_textureSource"
    ],
    [
        "cc.SpriteFrame"
    ],
    0,
    [
        {
            "name": "dialog_bag_hongbao_full",
            "rect": {
                "x": 0,
                "y": 0,
                "width": 243,
                "height": 287
            },
            "offset": {
                "x": 0,
                "y": 0
            },
            "originalSize": {
                "width": 243,
                "height": 287
            },
            "rotated": false,
            "capInsets": [
                0,
                0,
                0,
                0
            ],
            "packable": true
        }
    ],
    [
        0
    ],
    0,
    [
        0
    ],
    [
        0
    ],
    [
        0
    ]
]
