{
  "f46876e4-e81b-4931-b493-6d367be385e7": {
    "assetUuid": "f46876e4-e81b-4931-b493-6d367be385e7",
    "animationUuid": "",
    "expandLevels": [
      "0"
    ]
  },
  "e5a1912b-976d-40ff-badf-57020669bc9b": {
    "assetUuid": "e5a1912b-976d-40ff-badf-57020669bc9b",
    "animationUuid": "",
    "expandLevels": [
      "0",
      "0_0",
      "0_0_1",
      "0_0_2",
      "0_0_3",
      "0_0_4",
      "0_0_5",
      "0_0_6",
      "0_0_8_0"
    ]
  },
  "a6d6a15e-376d-4b83-b337-f504afb6a060": {
    "assetUuid": "a6d6a15e-376d-4b83-b337-f504afb6a060",
    "animationUuid": "",
    "expandLevels": [
      "0",
      "0_1"
    ]
  },
  "9f273b89-1ec4-45e8-a030-cbc8357e56b0": {
    "assetUuid": "9f273b89-1ec4-45e8-a030-cbc8357e56b0",
    "animationUuid": "",
    "expandLevels": [
      "0"
    ]
  },
  "c77ecaa8-c936-46c4-a5b0-98692673ed87": {
    "assetUuid": "c77ecaa8-c936-46c4-a5b0-98692673ed87",
    "animationUuid": "",
    "expandLevels": [
      "0",
      "0_0"
    ]
  },
  "9547f7b6-dfc7-4f90-a008-6720a0b3ed26": {
    "assetUuid": "9547f7b6-dfc7-4f90-a008-6720a0b3ed26",
    "animationUuid": "",
    "expandLevels": [
      "0",
      "0_0"
    ]
  },
  "2fb97a95-b84b-4907-8f00-4d22c13730b0": {
    "assetUuid": "2fb97a95-b84b-4907-8f00-4d22c13730b0",
    "animationUuid": "",
    "expandLevels": [
      "0"
    ]
  },
  "a4722761-fc98-4e7f-98f4-184ef2f76021": {
    "assetUuid": "a4722761-fc98-4e7f-98f4-184ef2f76021",
    "animationUuid": "",
    "expandLevels": [
      "0"
    ]
  },
  "129e7f50-8ea9-4cb3-be28-e138a3fb2ff8": {
    "assetUuid": "129e7f50-8ea9-4cb3-be28-e138a3fb2ff8",
    "animationUuid": "",
    "expandLevels": [
      "0"
    ]
  },
  "03839ede-f405-426f-bd7d-058491629819": {
    "assetUuid": "03839ede-f405-426f-bd7d-058491629819",
    "animationUuid": "",
    "expandLevels": [
      "0"
    ]
  },
  "7bfecbeb-4eaa-48ac-a90b-d2393b889d0d": {
    "assetUuid": "7bfecbeb-4eaa-48ac-a90b-d2393b889d0d",
    "animationUuid": "",
    "expandLevels": [
      "0"
    ]
  },
  "93d3fddc-9ebf-40fc-af8e-3be10b5b43d4": {
    "assetUuid": "93d3fddc-9ebf-40fc-af8e-3be10b5b43d4",
    "animationUuid": "",
    "expandLevels": [
      "0"
    ]
  }
}
