[
    1,
    [
        "02Q3YVVAZENolZz1ipLrBp@6c48a"
    ],
    [
        "_textureSource"
    ],
    [
        "cc.SpriteFrame"
    ],
    0,
    [
        {
            "name": "Sword_small_1",
            "rect": {
                "x": 0,
                "y": 0,
                "width": 132,
                "height": 36
            },
            "offset": {
                "x": 0,
                "y": 0
            },
            "originalSize": {
                "width": 132,
                "height": 36
            },
            "rotated": false,
            "capInsets": [
                0,
                0,
                0,
                0
            ],
            "packable": true
        }
    ],
    [
        0
    ],
    0,
    [
        0
    ],
    [
        0
    ],
    [
        0
    ]
]
