{
  "/Users/liuling/学习/cocos/kouhongji/assets/res.meta": {
    "time": 1652953587509.5867
  },
  "/Users/liuling/学习/cocos/kouhongji/assets/res": {
    "time": 1653297343414.6123,
    "uuid": "ba1f5b9e-b269-4cf7-8af2-6d2aef8937cd",
    "missing": false
  },
  "/Users/liuling/学习/cocos/kouhongji/assets/scene.meta": {
    "time": 1652953607759.5874
  },
  "/Users/liuling/学习/cocos/kouhongji/assets/scene": {
    "time": 1653011411439.258,
    "uuid": "b901a5d6-c1c8-4ae3-85de-41893326e597",
    "missing": false
  },
  "/Users/liuling/学习/cocos/kouhongji/assets/scripts.meta": {
    "time": 1652953616940.7744
  },
  "/Users/liuling/学习/cocos/kouhongji/assets/scripts": {
    "time": 1653292933628.7798,
    "uuid": "20dd018e-24ef-4cc2-9d3a-86fd6cb7ac74",
    "missing": false
  },
  "/Users/liuling/学习/cocos/kouhongji/assets/res/CircleCenter_1.png.meta": {
    "time": 1652953635243.0571
  },
  "/Users/liuling/学习/cocos/kouhongji/assets/res/Lipstick_1.png.meta": {
    "time": 1652953635226.7659
  },
  "/Users/liuling/学习/cocos/kouhongji/assets/res/Sword_small_1.png.meta": {
    "time": 1652953635225.925
  },
  "/Users/liuling/学习/cocos/kouhongji/assets/res/bg.jpeg.meta": {
    "time": 1653012343445.625
  },
  "/Users/liuling/学习/cocos/kouhongji/assets/res/level_1_main.jpeg.meta": {
    "time": 1652953635246.162
  },
  "/Users/liuling/学习/cocos/kouhongji/assets/res/timebox_bg.png.meta": {
    "time": 1652953635256.695
  },
  "/Users/liuling/学习/cocos/kouhongji/assets/res/Sword_small_1.png": {
    "time": 1652953200417.2458,
    "uuid": "02437615-5406-4436-8959-cf58a92eb069",
    "missing": false
  },
  "/Users/liuling/学习/cocos/kouhongji/assets/res/Lipstick_1.png": {
    "time": 1652953204952.4087,
    "uuid": "5ca50ba4-dcee-4328-b578-92a930d33b87",
    "missing": false
  },
  "/Users/liuling/学习/cocos/kouhongji/assets/res/CircleCenter_1.png": {
    "time": 1652953195932.382,
    "uuid": "389b7d72-1e8e-402d-a0cd-6068243a665e",
    "missing": false
  },
  "/Users/liuling/学习/cocos/kouhongji/assets/res/bg.jpeg": {
    "time": 1652953209012.0264,
    "uuid": "afc9e301-5fc8-4ac4-a22b-4ee092beb641",
    "missing": false
  },
  "/Users/liuling/学习/cocos/kouhongji/assets/res/level_1_main.jpeg": {
    "time": 1652953188560.1035,
    "uuid": "2b7ce7ec-2fde-4de6-9147-ba602f686792",
    "missing": false
  },
  "/Users/liuling/学习/cocos/kouhongji/assets/res/timebox_bg.png": {
    "time": 1652953224900.9675,
    "uuid": "527fb501-d2de-44e9-8440-18e7c7b6d1cc",
    "missing": false
  },
  "/Users/liuling/学习/cocos/kouhongji/assets/res/CircleCenter_2.png.meta": {
    "time": 1652954073746.5293
  },
  "/Users/liuling/学习/cocos/kouhongji/assets/res/CircleCenter_3.png.meta": {
    "time": 1652954073747.0657
  },
  "/Users/liuling/学习/cocos/kouhongji/assets/res/CircleCenter_2.png": {
    "time": 1652954054705.218,
    "uuid": "74de3ae8-9dd4-431b-b0c5-6d9715d918ef",
    "missing": false
  },
  "/Users/liuling/学习/cocos/kouhongji/assets/res/CircleCenter_3.png": {
    "time": 1652953949494.9702,
    "uuid": "ba2c4505-b20a-4e2c-83c2-d478e41f379b",
    "missing": false
  },
  "/Users/liuling/学习/cocos/kouhongji/assets/scene/game.scene.meta": {
    "time": 1652954161630.0713
  },
  "/Users/liuling/学习/cocos/kouhongji/assets/scene/game.scene": {
    "time": 1653357551543.267,
    "uuid": "4fef6bbe-24f6-464f-ba6a-23ce14a2cc41",
    "missing": false
  },
  "/Users/liuling/学习/cocos/kouhongji/assets/scene/home.scene.meta": {
    "time": 1653011411441.6208
  },
  "/Users/liuling/学习/cocos/kouhongji/assets/scene/home.scene": {
    "time": 1653357545010.2603,
    "uuid": "15e9d1d8-3987-4c14-bbec-add1eb68f4b1",
    "missing": false
  },
  "/Users/liuling/学习/cocos/kouhongji/assets/scripts/home.ts.meta": {
    "time": 1653012360630.4104
  },
  "/Users/liuling/学习/cocos/kouhongji/assets/scripts/home.ts": {
    "time": 1653357314970.9087,
    "uuid": "cf015af6-9e8c-4670-8875-c21038beb9e3",
    "missing": false
  },
  "/Users/liuling/学习/cocos/kouhongji/assets/prefab.meta": {
    "time": 1653015585534.7788
  },
  "/Users/liuling/学习/cocos/kouhongji/assets/prefab": {
    "time": 1653015590654.565,
    "uuid": "fd772ab4-ade9-42b9-9a1d-03b24b910397",
    "missing": false
  },
  "/Users/liuling/学习/cocos/kouhongji/assets/prefab/Lipstick_1.prefab.meta": {
    "time": 1653015590683.914
  },
  "/Users/liuling/学习/cocos/kouhongji/assets/prefab/Lipstick_1.prefab": {
    "time": 1653027568857.6611,
    "uuid": "b4179b51-7511-4422-a3df-90c1da5e2ee6",
    "missing": false
  },
  "/Users/liuling/学习/cocos/kouhongji/assets/scripts/AudioManager.ts.meta": {
    "time": 1653277587253.0273
  },
  "/Users/liuling/学习/cocos/kouhongji/assets/scripts/AudioManager.ts": {
    "time": 1653277676333.823,
    "uuid": "42b74c29-cd81-4fba-96e6-c788296bee18",
    "missing": false
  },
  "/Users/liuling/学习/cocos/kouhongji/assets/sound.meta": {
    "time": 1653276189865.4097
  },
  "/Users/liuling/学习/cocos/kouhongji/assets/sound": {
    "time": 1653355765098.6226,
    "uuid": "d325b7aa-be51-40d3-ab28-82c5c763c403",
    "missing": false
  },
  "/Users/liuling/学习/cocos/kouhongji/assets/sound/dong.mp3.meta": {
    "time": 1653276202582.3943
  },
  "/Users/liuling/学习/cocos/kouhongji/assets/sound/dong.mp3": {
    "time": 1653276115357.562,
    "uuid": "d6cc2f73-2218-4218-86fc-f05b65c3b424",
    "missing": false
  },
  "/Users/liuling/学习/cocos/kouhongji/assets/sound/bgMain.mp3.meta": {
    "time": 1653276202581.2844
  },
  "/Users/liuling/学习/cocos/kouhongji/assets/sound/bgMain.mp3": {
    "time": 1587187634000,
    "uuid": "0587e0b8-49c8-4d48-bdd4-a3817a3438f6",
    "missing": false
  },
  "/Users/liuling/学习/cocos/kouhongji/assets/scripts/audioFunc.ts.meta": {
    "time": 1653288246818.3215
  },
  "/Users/liuling/学习/cocos/kouhongji/assets/scripts/audioFunc.ts": {
    "time": 1653289260674.3572,
    "uuid": "63a7b5c2-b27c-4fcf-9107-92b42191a615",
    "missing": false
  },
  "/Users/liuling/学习/cocos/kouhongji/assets/scripts/startGame.ts.meta": {
    "time": 1653292933632.5159
  },
  "/Users/liuling/学习/cocos/kouhongji/assets/scripts/startGame.ts": {
    "time": 1653295398883.5312,
    "uuid": "b977ef38-70b8-432d-a418-772e89cda278",
    "missing": false
  },
  "/Users/liuling/学习/cocos/kouhongji/assets/res/jiangpin.png.meta": {
    "time": 1653297343510.1465
  },
  "/Users/liuling/学习/cocos/kouhongji/assets/res/jiangpin.png": {
    "time": 1653297343413.1716,
    "uuid": "96cd66ac-f8c8-473c-9166-fb6fecefb84e",
    "missing": false
  },
  "/Users/liuling/学习/cocos/kouhongji/assets/sound/14481.mp3.meta": {
    "time": 1653355765300.5117
  },
  "/Users/liuling/学习/cocos/kouhongji/assets/sound/4624.mp3.meta": {
    "time": 1653355765300.2148
  },
  "/Users/liuling/学习/cocos/kouhongji/assets/sound/4624.mp3": {
    "time": 1653355371171.5674,
    "uuid": "8f738aeb-f8e4-4b85-977f-47d39f656add",
    "missing": false
  },
  "/Users/liuling/学习/cocos/kouhongji/assets/sound/14481.mp3": {
    "time": 1653355480857.7053,
    "uuid": "908fe1db-bdae-420b-b913-0ae55114949b",
    "missing": false
  }
}
