{
  "assets/script/movebg.js": {
    "imports": {
      "cc": "quick-pack:/cce/internal/x/cc.js"
    },
    "physicalLocation": "fs/0/assets/script/movebg.js",
    "mTimestamp": 1653467099123
  },
  "assets/script/selfPlane.js": {
    "imports": {
      "cc": "quick-pack:/cce/internal/x/cc.js"
    },
    "physicalLocation": "fs/0/assets/script/selfPlane.js",
    "mTimestamp": 1653470859990
  },
  "assets/script/framework/Conten.js": {
    "imports": {
      "cc": "quick-pack:/cce/internal/x/cc.js"
    },
    "physicalLocation": "fs/0/assets/script/framework/Conten.js",
    "mTimestamp": 1653963021017
  },
  "assets/script/bullite/bulletProp.js": {
    "imports": {
      "__unresolved_0": "quick-pack:/cce/internal/code-quality/cr.js",
      "cc": "quick-pack:/cce/internal/x/cc.js",
      "__unresolved_1": "assets/script/framework/Constent.js"
    },
    "physicalLocation": "fs/0/assets/script/bullite/bulletProp.js",
    "mTimestamp": 1654053151995
  },
  "assets/script/bullite/Bullet.js": {
    "imports": {
      "cc": "quick-pack:/cce/internal/x/cc.js",
      "__unresolved_0": "quick-pack:/cce/internal/code-quality/cr.js",
      "__unresolved_1": "assets/script/framework/Constent.js"
    },
    "physicalLocation": "fs/0/assets/script/bullite/Bullet.js",
    "mTimestamp": 1654078814038
  },
  "assets/script/plane/enemyPlay.js": {
    "imports": {
      "__unresolved_0": "quick-pack:/cce/internal/code-quality/cr.js",
      "cc": "quick-pack:/cce/internal/x/cc.js",
      "__unresolved_1": "assets/script/framework/Constent.js"
    },
    "physicalLocation": "fs/0/assets/script/plane/enemyPlay.js",
    "mTimestamp": 1654079892748
  },
  "assets/script/framework/AudioManger.js": {
    "imports": {
      "cc": "quick-pack:/cce/internal/x/cc.js"
    },
    "physicalLocation": "fs/0/assets/script/framework/AudioManger.js",
    "mTimestamp": 1654082009935
  },
  "assets/script/ui/UIMain.js": {
    "imports": {
      "__unresolved_0": "quick-pack:/cce/internal/code-quality/cr.js",
      "cc": "quick-pack:/cce/internal/x/cc.js",
      "__unresolved_1": "assets/script/framework/GameManger.js"
    },
    "physicalLocation": "fs/0/assets/script/ui/UIMain.js",
    "mTimestamp": 1654082906835
  },
  "quick-pack:/cce/internal/x/cc.js": {
    "imports": {
      "__unresolved_0": {
        "external": true,
        "url": "cce:/internal/x/cc-fu/2d"
      },
      "__unresolved_1": {
        "external": true,
        "url": "cce:/internal/x/cc-fu/3d"
      },
      "__unresolved_2": {
        "external": true,
        "url": "cce:/internal/x/cc-fu/audio"
      },
      "__unresolved_3": {
        "external": true,
        "url": "cce:/internal/x/cc-fu/base"
      },
      "__unresolved_4": {
        "external": true,
        "url": "cce:/internal/x/cc-fu/dragon-bones"
      },
      "__unresolved_5": {
        "external": true,
        "url": "cce:/internal/x/cc-fu/gfx-webgl"
      },
      "__unresolved_6": {
        "external": true,
        "url": "cce:/internal/x/cc-fu/gfx-webgl2"
      },
      "__unresolved_7": {
        "external": true,
        "url": "cce:/internal/x/cc-fu/intersection-2d"
      },
      "__unresolved_8": {
        "external": true,
        "url": "cce:/internal/x/cc-fu/particle"
      },
      "__unresolved_9": {
        "external": true,
        "url": "cce:/internal/x/cc-fu/particle-2d"
      },
      "__unresolved_10": {
        "external": true,
        "url": "cce:/internal/x/cc-fu/physics-2d-box2d"
      },
      "__unresolved_11": {
        "external": true,
        "url": "cce:/internal/x/cc-fu/physics-2d-framework"
      },
      "__unresolved_12": {
        "external": true,
        "url": "cce:/internal/x/cc-fu/physics-ammo"
      },
      "__unresolved_13": {
        "external": true,
        "url": "cce:/internal/x/cc-fu/physics-framework"
      },
      "__unresolved_14": {
        "external": true,
        "url": "cce:/internal/x/cc-fu/wait-for-ammo-instantiation"
      },
      "__unresolved_15": {
        "external": true,
        "url": "cce:/internal/x/cc-fu/primitive"
      },
      "__unresolved_16": {
        "external": true,
        "url": "cce:/internal/x/cc-fu/profiler"
      },
      "__unresolved_17": {
        "external": true,
        "url": "cce:/internal/x/cc-fu/spine"
      },
      "__unresolved_18": {
        "external": true,
        "url": "cce:/internal/x/cc-fu/terrain"
      },
      "__unresolved_19": {
        "external": true,
        "url": "cce:/internal/x/cc-fu/tiled-map"
      },
      "__unresolved_20": {
        "external": true,
        "url": "cce:/internal/x/cc-fu/tween"
      },
      "__unresolved_21": {
        "external": true,
        "url": "cce:/internal/x/cc-fu/ui"
      },
      "__unresolved_22": {
        "external": true,
        "url": "cce:/internal/x/cc-fu/video"
      },
      "__unresolved_23": {
        "external": true,
        "url": "cce:/internal/x/cc-fu/webview"
      }
    },
    "physicalLocation": "cce/internal/x/cc.js",
    "mTimestamp": 1654133219879,
    "isEntry": true,
    "exposeAs": "cce:/internal/x/cc"
  },
  "quick-pack:/cce/internal/code-quality/cr.js": {
    "imports": {},
    "physicalLocation": "cce/internal/code-quality/cr.js",
    "mTimestamp": 1654133219932
  },
  "assets/script/framework/PoolManager.js": {
    "imports": {
      "cc": "quick-pack:/cce/internal/x/cc.js"
    },
    "physicalLocation": "fs/0/assets/script/framework/PoolManager.js",
    "mTimestamp": 1654133270570
  },
  "assets/script/framework/Constent.js": {
    "imports": {
      "cc": "quick-pack:/cce/internal/x/cc.js"
    },
    "physicalLocation": "fs/0/assets/script/framework/Constent.js",
    "mTimestamp": 1654136271786
  },
  "assets/script/plane/selfPlane.js": {
    "imports": {
      "__unresolved_0": "quick-pack:/cce/internal/code-quality/cr.js",
      "cc": "quick-pack:/cce/internal/x/cc.js",
      "__unresolved_1": "assets/script/framework/Constent.js"
    },
    "physicalLocation": "fs/0/assets/script/plane/selfPlane.js",
    "mTimestamp": 1654136464455
  },
  "quick-pack:/cce/internal/x/prerequisite-imports.js": {
    "imports": {
      "__unresolved_0": "assets/script/bullite/Bullet.js",
      "__unresolved_1": "assets/script/bullite/bulletProp.js",
      "__unresolved_2": "assets/script/framework/AudioManger.js",
      "__unresolved_3": "assets/script/framework/Constent.js",
      "__unresolved_5": "assets/script/framework/PoolManager.js",
      "__unresolved_6": "assets/script/movebg.js",
      "__unresolved_7": "assets/script/plane/enemyPlay.js",
      "__unresolved_8": "assets/script/plane/selfPlane.js",
      "__unresolved_9": "assets/script/ui/UIMain.js",
      "__unresolved_4": "assets/script/framework/GameManger.js"
    },
    "physicalLocation": "cce/internal/x/prerequisite-imports.js",
    "mTimestamp": 1654136560888,
    "isEntry": true,
    "exposeAs": "cce:/internal/x/prerequisite-imports"
  },
  "assets/script/framework/GameManger.js": {
    "imports": {
      "__unresolved_0": "quick-pack:/cce/internal/code-quality/cr.js",
      "cc": "quick-pack:/cce/internal/x/cc.js",
      "__unresolved_1": "assets/script/bullite/Bullet.js",
      "__unresolved_2": "assets/script/bullite/bulletProp.js",
      "__unresolved_3": "assets/script/plane/enemyPlay.js",
      "__unresolved_4": "assets/script/plane/selfPlane.js",
      "__unresolved_5": "assets/script/framework/AudioManger.js",
      "__unresolved_6": "assets/script/framework/Constent.js"
    },
    "physicalLocation": "fs/0/assets/script/framework/GameManger.js",
    "mTimestamp": 1654136561006
  }
}
