{
  "assets/scripts/goGame.js": {
    "imports": {
      "cc": "quick-pack:/cce/internal/x/cc.js"
    },
    "physicalLocation": "fs/0/assets/scripts/goGame.js",
    "mTimestamp": 1650869306931
  },
  "assets/scripts/gamety.js": {
    "imports": {
      "cc": "quick-pack:/cce/internal/x/cc.js"
    },
    "physicalLocation": "fs/0/assets/scripts/gamety.js",
    "mTimestamp": 1650869592437
  },
  "assets/scripts/click.js": {
    "imports": {
      "cc": "quick-pack:/cce/internal/x/cc.js"
    },
    "physicalLocation": "fs/0/assets/scripts/click.js",
    "mTimestamp": 1650869805512
  },
  "assets/scripts/clickgame.js": {
    "imports": {
      "__unresolved_0": "quick-pack:/cce/internal/code-quality/cr.js",
      "cc": "quick-pack:/cce/internal/x/cc.js",
      "__unresolved_1": "assets/scripts/hook.js"
    },
    "physicalLocation": "fs/0/assets/scripts/clickgame.js",
    "mTimestamp": 1650871065405
  },
  "assets/scripts/Edage.js": {
    "imports": {
      "cc": "quick-pack:/cce/internal/x/cc.js",
      "__unresolved_0": "quick-pack:/cce/internal/code-quality/cr.js",
      "__unresolved_1": "assets/scripts/hook.js"
    },
    "physicalLocation": "fs/0/assets/scripts/Edage.js",
    "mTimestamp": 1650879611110
  },
  "assets/scripts/gameoverf.js": {
    "imports": {
      "cc": "quick-pack:/cce/internal/x/cc.js"
    },
    "physicalLocation": "fs/0/assets/scripts/gameoverf.js",
    "mTimestamp": 1651143616841
  },
  "assets/scripts/hook.js": {
    "imports": {
      "cc": "quick-pack:/cce/internal/x/cc.js"
    },
    "physicalLocation": "fs/0/assets/scripts/hook.js",
    "mTimestamp": 1651144078829
  },
  "quick-pack:/cce/internal/x/cc.js": {
    "imports": {
      "__unresolved_0": {
        "external": true,
        "url": "cce:/internal/x/cc-fu/2d"
      },
      "__unresolved_1": {
        "external": true,
        "url": "cce:/internal/x/cc-fu/audio"
      },
      "__unresolved_2": {
        "external": true,
        "url": "cce:/internal/x/cc-fu/base"
      },
      "__unresolved_3": {
        "external": true,
        "url": "cce:/internal/x/cc-fu/dragon-bones"
      },
      "__unresolved_4": {
        "external": true,
        "url": "cce:/internal/x/cc-fu/gfx-webgl"
      },
      "__unresolved_5": {
        "external": true,
        "url": "cce:/internal/x/cc-fu/gfx-webgl2"
      },
      "__unresolved_6": {
        "external": true,
        "url": "cce:/internal/x/cc-fu/intersection-2d"
      },
      "__unresolved_7": {
        "external": true,
        "url": "cce:/internal/x/cc-fu/particle-2d"
      },
      "__unresolved_8": {
        "external": true,
        "url": "cce:/internal/x/cc-fu/physics-2d-builtin"
      },
      "__unresolved_9": {
        "external": true,
        "url": "cce:/internal/x/cc-fu/physics-2d-framework"
      },
      "__unresolved_10": {
        "external": true,
        "url": "cce:/internal/x/cc-fu/profiler"
      },
      "__unresolved_11": {
        "external": true,
        "url": "cce:/internal/x/cc-fu/spine"
      },
      "__unresolved_12": {
        "external": true,
        "url": "cce:/internal/x/cc-fu/tiled-map"
      },
      "__unresolved_13": {
        "external": true,
        "url": "cce:/internal/x/cc-fu/tween"
      },
      "__unresolved_14": {
        "external": true,
        "url": "cce:/internal/x/cc-fu/ui"
      },
      "__unresolved_15": {
        "external": true,
        "url": "cce:/internal/x/cc-fu/video"
      },
      "__unresolved_16": {
        "external": true,
        "url": "cce:/internal/x/cc-fu/webview"
      }
    },
    "physicalLocation": "cce/internal/x/cc.js",
    "mTimestamp": 1652170179901,
    "isEntry": true,
    "exposeAs": "cce:/internal/x/cc"
  },
  "quick-pack:/cce/internal/code-quality/cr.js": {
    "imports": {},
    "physicalLocation": "cce/internal/code-quality/cr.js",
    "mTimestamp": 1652170180000
  },
  "quick-pack:/cce/internal/x/prerequisite-imports.js": {
    "imports": {
      "__unresolved_0": "assets/scripts/Edage.js",
      "__unresolved_1": "assets/scripts/clickgame.js",
      "__unresolved_2": "assets/scripts/gameoverf.js",
      "__unresolved_3": "assets/scripts/gamety.js",
      "__unresolved_4": "assets/scripts/goGame.js",
      "__unresolved_5": "assets/scripts/hook.js",
      "__unresolved_6": "assets/scripts/xuliezhen.js"
    },
    "physicalLocation": "cce/internal/x/prerequisite-imports.js",
    "mTimestamp": 1652176685189,
    "isEntry": true,
    "exposeAs": "cce:/internal/x/prerequisite-imports"
  },
  "assets/scripts/xuliezhen.js": {
    "imports": {
      "cc": "quick-pack:/cce/internal/x/cc.js"
    },
    "physicalLocation": "fs/0/assets/scripts/xuliezhen.js",
    "mTimestamp": 1652176685220
  }
}
