[
    1,
    [
        "55RKftTFJFML1tadVMS1sB@6c48a"
    ],
    [
        "_textureSource"
    ],
    [
        "cc.SpriteFrame"
    ],
    0,
    [
        {
            "name": "fruit_6",
            "rect": {
                "x": 0,
                "y": 0,
                "width": 183,
                "height": 183
            },
            "offset": {
                "x": 0,
                "y": 0
            },
            "originalSize": {
                "width": 183,
                "height": 183
            },
            "rotated": false,
            "capInsets": [
                0,
                0,
                0,
                0
            ],
            "packable": true
        }
    ],
    [
        0
    ],
    0,
    [
        0
    ],
    [
        0
    ],
    [
        0
    ]
]
