{
  "cce:/internal/x/cc": {
    "mTimestamp": 10175.153665999882,
    "chunkId": "quick-pack:/cce/internal/x/cc.js",
    "imports": [
      {
        "value": "cce:/internal/x/cc-fu/2d",
        "rewritten": "__unresolved_0",
        "loc": {
          "start": {
            "line": 1,
            "column": 14
          },
          "end": {
            "line": 1,
            "column": 40
          }
        }
      },
      {
        "value": "cce:/internal/x/cc-fu/audio",
        "rewritten": "__unresolved_1",
        "loc": {
          "start": {
            "line": 2,
            "column": 14
          },
          "end": {
            "line": 2,
            "column": 43
          }
        }
      },
      {
        "value": "cce:/internal/x/cc-fu/base",
        "rewritten": "__unresolved_2",
        "loc": {
          "start": {
            "line": 3,
            "column": 14
          },
          "end": {
            "line": 3,
            "column": 42
          }
        }
      },
      {
        "value": "cce:/internal/x/cc-fu/dragon-bones",
        "rewritten": "__unresolved_3",
        "loc": {
          "start": {
            "line": 4,
            "column": 14
          },
          "end": {
            "line": 4,
            "column": 50
          }
        }
      },
      {
        "value": "cce:/internal/x/cc-fu/gfx-webgl",
        "rewritten": "__unresolved_4",
        "loc": {
          "start": {
            "line": 5,
            "column": 14
          },
          "end": {
            "line": 5,
            "column": 47
          }
        }
      },
      {
        "value": "cce:/internal/x/cc-fu/gfx-webgl2",
        "rewritten": "__unresolved_5",
        "loc": {
          "start": {
            "line": 6,
            "column": 14
          },
          "end": {
            "line": 6,
            "column": 48
          }
        }
      },
      {
        "value": "cce:/internal/x/cc-fu/intersection-2d",
        "rewritten": "__unresolved_6",
        "loc": {
          "start": {
            "line": 7,
            "column": 14
          },
          "end": {
            "line": 7,
            "column": 53
          }
        }
      },
      {
        "value": "cce:/internal/x/cc-fu/particle-2d",
        "rewritten": "__unresolved_7",
        "loc": {
          "start": {
            "line": 8,
            "column": 14
          },
          "end": {
            "line": 8,
            "column": 49
          }
        }
      },
      {
        "value": "cce:/internal/x/cc-fu/physics-2d-box2d",
        "rewritten": "__unresolved_8",
        "loc": {
          "start": {
            "line": 9,
            "column": 14
          },
          "end": {
            "line": 9,
            "column": 54
          }
        }
      },
      {
        "value": "cce:/internal/x/cc-fu/physics-2d-framework",
        "rewritten": "__unresolved_9",
        "loc": {
          "start": {
            "line": 10,
            "column": 14
          },
          "end": {
            "line": 10,
            "column": 58
          }
        }
      },
      {
        "value": "cce:/internal/x/cc-fu/profiler",
        "rewritten": "__unresolved_10",
        "loc": {
          "start": {
            "line": 11,
            "column": 14
          },
          "end": {
            "line": 11,
            "column": 46
          }
        }
      },
      {
        "value": "cce:/internal/x/cc-fu/spine",
        "rewritten": "__unresolved_11",
        "loc": {
          "start": {
            "line": 12,
            "column": 14
          },
          "end": {
            "line": 12,
            "column": 43
          }
        }
      },
      {
        "value": "cce:/internal/x/cc-fu/tiled-map",
        "rewritten": "__unresolved_12",
        "loc": {
          "start": {
            "line": 13,
            "column": 14
          },
          "end": {
            "line": 13,
            "column": 47
          }
        }
      },
      {
        "value": "cce:/internal/x/cc-fu/tween",
        "rewritten": "__unresolved_13",
        "loc": {
          "start": {
            "line": 14,
            "column": 14
          },
          "end": {
            "line": 14,
            "column": 43
          }
        }
      },
      {
        "value": "cce:/internal/x/cc-fu/ui",
        "rewritten": "__unresolved_14",
        "loc": {
          "start": {
            "line": 15,
            "column": 14
          },
          "end": {
            "line": 15,
            "column": 40
          }
        }
      },
      {
        "value": "cce:/internal/x/cc-fu/video",
        "rewritten": "__unresolved_15",
        "loc": {
          "start": {
            "line": 16,
            "column": 14
          },
          "end": {
            "line": 16,
            "column": 43
          }
        }
      },
      {
        "value": "cce:/internal/x/cc-fu/webview",
        "rewritten": "__unresolved_16",
        "loc": {
          "start": {
            "line": 17,
            "column": 14
          },
          "end": {
            "line": 17,
            "column": 45
          }
        }
      }
    ],
    "modLoMetadata": {
      "type": "esm"
    },
    "resolvedImports": [
      {
        "specifierOrURL": "cce:/internal/x/cc-fu/2d",
        "isExternal": true
      },
      {
        "specifierOrURL": "cce:/internal/x/cc-fu/audio",
        "isExternal": true
      },
      {
        "specifierOrURL": "cce:/internal/x/cc-fu/base",
        "isExternal": true
      },
      {
        "specifierOrURL": "cce:/internal/x/cc-fu/dragon-bones",
        "isExternal": true
      },
      {
        "specifierOrURL": "cce:/internal/x/cc-fu/gfx-webgl",
        "isExternal": true
      },
      {
        "specifierOrURL": "cce:/internal/x/cc-fu/gfx-webgl2",
        "isExternal": true
      },
      {
        "specifierOrURL": "cce:/internal/x/cc-fu/intersection-2d",
        "isExternal": true
      },
      {
        "specifierOrURL": "cce:/internal/x/cc-fu/particle-2d",
        "isExternal": true
      },
      {
        "specifierOrURL": "cce:/internal/x/cc-fu/physics-2d-box2d",
        "isExternal": true
      },
      {
        "specifierOrURL": "cce:/internal/x/cc-fu/physics-2d-framework",
        "isExternal": true
      },
      {
        "specifierOrURL": "cce:/internal/x/cc-fu/profiler",
        "isExternal": true
      },
      {
        "specifierOrURL": "cce:/internal/x/cc-fu/spine",
        "isExternal": true
      },
      {
        "specifierOrURL": "cce:/internal/x/cc-fu/tiled-map",
        "isExternal": true
      },
      {
        "specifierOrURL": "cce:/internal/x/cc-fu/tween",
        "isExternal": true
      },
      {
        "specifierOrURL": "cce:/internal/x/cc-fu/ui",
        "isExternal": true
      },
      {
        "specifierOrURL": "cce:/internal/x/cc-fu/video",
        "isExternal": true
      },
      {
        "specifierOrURL": "cce:/internal/x/cc-fu/webview",
        "isExternal": true
      }
    ]
  },
  "cce:/internal/x/prerequisite-imports": {
    "mTimestamp": 17765.552249999717,
    "chunkId": "quick-pack:/cce/internal/x/prerequisite-imports.js",
    "imports": [
      {
        "value": "file:///Users/liuling/%E5%AD%A6%E4%B9%A0/cocos/jichu/assets/scripts/ResMg.ts",
        "rewritten": "__unresolved_0",
        "loc": {
          "start": {
            "line": 4,
            "column": 7
          },
          "end": {
            "line": 4,
            "column": 85
          }
        }
      },
      {
        "value": "file:///Users/liuling/%E5%AD%A6%E4%B9%A0/cocos/jichu/assets/scripts/addhuiji.ts",
        "rewritten": "__unresolved_1",
        "loc": {
          "start": {
            "line": 5,
            "column": 7
          },
          "end": {
            "line": 5,
            "column": 88
          }
        }
      },
      {
        "value": "file:///Users/liuling/%E5%AD%A6%E4%B9%A0/cocos/jichu/assets/scripts/huangxing.ts",
        "rewritten": "__unresolved_2",
        "loc": {
          "start": {
            "line": 6,
            "column": 7
          },
          "end": {
            "line": 6,
            "column": 89
          }
        }
      },
      {
        "value": "file:///Users/liuling/%E5%AD%A6%E4%B9%A0/cocos/jichu/assets/scripts/tweents.ts",
        "rewritten": "__unresolved_3",
        "loc": {
          "start": {
            "line": 7,
            "column": 7
          },
          "end": {
            "line": 7,
            "column": 87
          }
        }
      }
    ],
    "modLoMetadata": {
      "type": "esm"
    },
    "resolvedImports": [
      {
        "isExternal": false,
        "url": "file:///Users/liuling/%E5%AD%A6%E4%B9%A0/cocos/jichu/assets/scripts/ResMg.ts"
      },
      {
        "isExternal": false,
        "url": "file:///Users/liuling/%E5%AD%A6%E4%B9%A0/cocos/jichu/assets/scripts/addhuiji.ts"
      },
      {
        "isExternal": false,
        "url": "file:///Users/liuling/%E5%AD%A6%E4%B9%A0/cocos/jichu/assets/scripts/huangxing.ts"
      },
      {
        "isExternal": false,
        "url": "file:///Users/liuling/%E5%AD%A6%E4%B9%A0/cocos/jichu/assets/scripts/tweents.ts"
      }
    ]
  },
  "file:///Users/liuling/%E5%AD%A6%E4%B9%A0/cocos/jichu/assets/scripts/addhuiji.ts": {
    "mTimestamp": {
      "mtime": 1652769694080.0671,
      "uuid": "0c96380c-ebd6-4f66-84f0-a43b0e56042e"
    },
    "chunkId": "assets/scripts/addhuiji.js",
    "imports": [
      {
        "value": "cc"
      },
      {
        "value": "cc",
        "loc": {
          "start": {
            "line": 2,
            "column": 99
          },
          "end": {
            "line": 2,
            "column": 103
          }
        }
      }
    ],
    "modLoMetadata": {
      "type": "esm"
    },
    "resolvedImports": [
      {
        "isExternal": false,
        "url": "cce:/internal/x/cc"
      },
      {
        "isExternal": false,
        "url": "cce:/internal/x/cc"
      }
    ]
  },
  "file:///Users/liuling/%E5%AD%A6%E4%B9%A0/cocos/jichu/assets/scripts/ResMg.ts": {
    "mTimestamp": {
      "mtime": 1652769495351.3,
      "uuid": "6c1de08c-dc79-42d2-83a9-b8c58cc34e58"
    },
    "chunkId": "assets/scripts/ResMg.js",
    "imports": [
      {
        "value": "cc"
      },
      {
        "value": "cc",
        "loc": {
          "start": {
            "line": 2,
            "column": 85
          },
          "end": {
            "line": 2,
            "column": 89
          }
        }
      }
    ],
    "modLoMetadata": {
      "type": "esm"
    },
    "resolvedImports": [
      {
        "isExternal": false,
        "url": "cce:/internal/x/cc"
      },
      {
        "isExternal": false,
        "url": "cce:/internal/x/cc"
      }
    ]
  },
  "file:///Users/liuling/%E5%AD%A6%E4%B9%A0/cocos/jichu/assets/scripts/huangxing.ts": {
    "mTimestamp": {
      "mtime": 1652846367893.0103,
      "uuid": "b571080b-25af-4404-b829-e114ddb0d553"
    },
    "chunkId": "assets/scripts/huangxing.js",
    "imports": [
      {
        "value": "cc"
      },
      {
        "value": "cc",
        "loc": {
          "start": {
            "line": 2,
            "column": 52
          },
          "end": {
            "line": 2,
            "column": 56
          }
        }
      }
    ],
    "modLoMetadata": {
      "type": "esm"
    },
    "resolvedImports": [
      {
        "isExternal": false,
        "url": "cce:/internal/x/cc"
      },
      {
        "isExternal": false,
        "url": "cce:/internal/x/cc"
      }
    ]
  },
  "file:///Users/liuling/%E5%AD%A6%E4%B9%A0/cocos/jichu/assets/scripts/tween.ts": {
    "mTimestamp": {
      "mtime": 1652857328874.8406,
      "uuid": "85cd42e0-fafd-407b-8887-06a46e6317f9"
    },
    "chunkId": "assets/scripts/tween.js",
    "imports": [
      {
        "value": "cc"
      },
      {
        "value": "cc",
        "loc": {
          "start": {
            "line": 2,
            "column": 56
          },
          "end": {
            "line": 2,
            "column": 60
          }
        }
      }
    ],
    "modLoMetadata": {
      "type": "esm"
    },
    "resolvedImports": [
      {
        "isExternal": false,
        "url": "cce:/internal/x/cc"
      },
      {
        "isExternal": false,
        "url": "cce:/internal/x/cc"
      }
    ]
  },
  "file:///Users/liuling/%E5%AD%A6%E4%B9%A0/cocos/jichu/assets/scripts/tweents.ts": {
    "mTimestamp": {
      "mtime": 1652928923005.1934,
      "uuid": "a1f42b6e-55b7-472f-b43b-38ceac7912fd"
    },
    "chunkId": "assets/scripts/tweents.js",
    "imports": [
      {
        "value": "cc"
      },
      {
        "value": "cc",
        "loc": {
          "start": {
            "line": 2,
            "column": 63
          },
          "end": {
            "line": 2,
            "column": 67
          }
        }
      }
    ],
    "modLoMetadata": {
      "type": "esm"
    },
    "resolvedImports": [
      {
        "isExternal": false,
        "url": "cce:/internal/x/cc"
      },
      {
        "isExternal": false,
        "url": "cce:/internal/x/cc"
      }
    ]
  }
}
