{
  "imports": {
    "cce:/internal/x/cc": "./mods/cce/internal/x/cc.js",
    "cce:/internal/x/prerequisite-imports": "./mods/cce/internal/x/prerequisite-imports.js"
  },
  "scopes": {
    "./mods/fs/0/assets/script/movebg.js": {
      "cc": "./mods/cce/internal/x/cc.js"
    },
    "./mods/fs/0/assets/script/selfPlane.js": {
      "cc": "./mods/cce/internal/x/cc.js"
    },
    "./mods/fs/0/assets/script/framework/Conten.js": {
      "cc": "./mods/cce/internal/x/cc.js"
    },
    "./mods/fs/0/assets/script/bullite/bulletProp.js": {
      "__unresolved_0": "./mods/cce/internal/code-quality/cr.js",
      "cc": "./mods/cce/internal/x/cc.js",
      "__unresolved_1": "./mods/fs/0/assets/script/framework/Constent.js"
    },
    "./mods/fs/0/assets/script/bullite/Bullet.js": {
      "cc": "./mods/cce/internal/x/cc.js",
      "__unresolved_0": "./mods/cce/internal/code-quality/cr.js",
      "__unresolved_1": "./mods/fs/0/assets/script/framework/Constent.js"
    },
    "./mods/fs/0/assets/script/plane/enemyPlay.js": {
      "__unresolved_0": "./mods/cce/internal/code-quality/cr.js",
      "cc": "./mods/cce/internal/x/cc.js",
      "__unresolved_1": "./mods/fs/0/assets/script/framework/Constent.js"
    },
    "./mods/fs/0/assets/script/framework/AudioManger.js": {
      "cc": "./mods/cce/internal/x/cc.js"
    },
    "./mods/fs/0/assets/script/ui/UIMain.js": {
      "__unresolved_0": "./mods/cce/internal/code-quality/cr.js",
      "cc": "./mods/cce/internal/x/cc.js",
      "__unresolved_1": "./mods/fs/0/assets/script/framework/GameManger.js"
    },
    "./mods/cce/internal/x/cc.js": {
      "__unresolved_0": "cce:/internal/x/cc-fu/base",
      "__unresolved_1": "cce:/internal/x/cc-fu/gfx-webgl",
      "__unresolved_2": "cce:/internal/x/cc-fu/gfx-webgl2",
      "__unresolved_3": "cce:/internal/x/cc-fu/3d",
      "__unresolved_4": "cce:/internal/x/cc-fu/2d",
      "__unresolved_5": "cce:/internal/x/cc-fu/ui",
      "__unresolved_6": "cce:/internal/x/cc-fu/particle",
      "__unresolved_7": "cce:/internal/x/cc-fu/particle-2d",
      "__unresolved_8": "cce:/internal/x/cc-fu/physics-framework",
      "__unresolved_9": "cce:/internal/x/cc-fu/physics-2d-framework",
      "__unresolved_10": "cce:/internal/x/cc-fu/intersection-2d",
      "__unresolved_11": "cce:/internal/x/cc-fu/primitive",
      "__unresolved_12": "cce:/internal/x/cc-fu/profiler",
      "__unresolved_13": "cce:/internal/x/cc-fu/audio",
      "__unresolved_14": "cce:/internal/x/cc-fu/video",
      "__unresolved_15": "cce:/internal/x/cc-fu/terrain",
      "__unresolved_16": "cce:/internal/x/cc-fu/webview",
      "__unresolved_17": "cce:/internal/x/cc-fu/tween",
      "__unresolved_18": "cce:/internal/x/cc-fu/tiled-map",
      "__unresolved_19": "cce:/internal/x/cc-fu/spine",
      "__unresolved_20": "cce:/internal/x/cc-fu/dragon-bones"
    },
    "./mods/fs/0/assets/script/framework/PoolManager.js": {
      "cc": "./mods/cce/internal/x/cc.js"
    },
    "./mods/fs/0/assets/script/framework/Constent.js": {
      "cc": "./mods/cce/internal/x/cc.js"
    },
    "./mods/fs/0/assets/script/plane/selfPlane.js": {
      "__unresolved_0": "./mods/cce/internal/code-quality/cr.js",
      "cc": "./mods/cce/internal/x/cc.js",
      "__unresolved_1": "./mods/fs/0/assets/script/framework/Constent.js"
    },
    "./mods/cce/internal/x/prerequisite-imports.js": {
      "__unresolved_0": "./mods/fs/0/assets/script/bullite/Bullet.js",
      "__unresolved_1": "./mods/fs/0/assets/script/bullite/bulletProp.js",
      "__unresolved_2": "./mods/fs/0/assets/script/framework/AudioManger.js",
      "__unresolved_3": "./mods/fs/0/assets/script/framework/Constent.js",
      "__unresolved_5": "./mods/fs/0/assets/script/framework/PoolManager.js",
      "__unresolved_6": "./mods/fs/0/assets/script/movebg.js",
      "__unresolved_7": "./mods/fs/0/assets/script/plane/enemyPlay.js",
      "__unresolved_8": "./mods/fs/0/assets/script/plane/selfPlane.js",
      "__unresolved_9": "./mods/fs/0/assets/script/ui/UIMain.js",
      "__unresolved_4": "./mods/fs/0/assets/script/framework/GameManger.js"
    },
    "./mods/fs/0/assets/script/framework/GameManger.js": {
      "__unresolved_0": "./mods/cce/internal/code-quality/cr.js",
      "cc": "./mods/cce/internal/x/cc.js",
      "__unresolved_1": "./mods/fs/0/assets/script/bullite/Bullet.js",
      "__unresolved_2": "./mods/fs/0/assets/script/bullite/bulletProp.js",
      "__unresolved_4": "./mods/fs/0/assets/script/plane/selfPlane.js",
      "__unresolved_3": "./mods/fs/0/assets/script/plane/enemyPlay.js",
      "__unresolved_5": "./mods/fs/0/assets/script/framework/AudioManger.js",
      "__unresolved_6": "./mods/fs/0/assets/script/framework/Constent.js"
    }
  }
}
