{
  "cce:/internal/x/cc": {
    "mTimestamp": 10032.640874999925,
    "chunkId": "quick-pack:/cce/internal/x/cc.js",
    "imports": [
      {
        "value": "cce:/internal/x/cc-fu/base",
        "rewritten": "__unresolved_0",
        "loc": {
          "start": {
            "line": 1,
            "column": 14
          },
          "end": {
            "line": 1,
            "column": 42
          }
        }
      },
      {
        "value": "cce:/internal/x/cc-fu/gfx-webgl",
        "rewritten": "__unresolved_1",
        "loc": {
          "start": {
            "line": 2,
            "column": 14
          },
          "end": {
            "line": 2,
            "column": 47
          }
        }
      },
      {
        "value": "cce:/internal/x/cc-fu/gfx-webgl2",
        "rewritten": "__unresolved_2",
        "loc": {
          "start": {
            "line": 3,
            "column": 14
          },
          "end": {
            "line": 3,
            "column": 48
          }
        }
      },
      {
        "value": "cce:/internal/x/cc-fu/3d",
        "rewritten": "__unresolved_3",
        "loc": {
          "start": {
            "line": 4,
            "column": 14
          },
          "end": {
            "line": 4,
            "column": 40
          }
        }
      },
      {
        "value": "cce:/internal/x/cc-fu/2d",
        "rewritten": "__unresolved_4",
        "loc": {
          "start": {
            "line": 5,
            "column": 14
          },
          "end": {
            "line": 5,
            "column": 40
          }
        }
      },
      {
        "value": "cce:/internal/x/cc-fu/ui",
        "rewritten": "__unresolved_5",
        "loc": {
          "start": {
            "line": 6,
            "column": 14
          },
          "end": {
            "line": 6,
            "column": 40
          }
        }
      },
      {
        "value": "cce:/internal/x/cc-fu/particle",
        "rewritten": "__unresolved_6",
        "loc": {
          "start": {
            "line": 7,
            "column": 14
          },
          "end": {
            "line": 7,
            "column": 46
          }
        }
      },
      {
        "value": "cce:/internal/x/cc-fu/particle-2d",
        "rewritten": "__unresolved_7",
        "loc": {
          "start": {
            "line": 8,
            "column": 14
          },
          "end": {
            "line": 8,
            "column": 49
          }
        }
      },
      {
        "value": "cce:/internal/x/cc-fu/physics-framework",
        "rewritten": "__unresolved_8",
        "loc": {
          "start": {
            "line": 9,
            "column": 14
          },
          "end": {
            "line": 9,
            "column": 55
          }
        }
      },
      {
        "value": "cce:/internal/x/cc-fu/physics-2d-framework",
        "rewritten": "__unresolved_9",
        "loc": {
          "start": {
            "line": 10,
            "column": 14
          },
          "end": {
            "line": 10,
            "column": 58
          }
        }
      },
      {
        "value": "cce:/internal/x/cc-fu/intersection-2d",
        "rewritten": "__unresolved_10",
        "loc": {
          "start": {
            "line": 11,
            "column": 14
          },
          "end": {
            "line": 11,
            "column": 53
          }
        }
      },
      {
        "value": "cce:/internal/x/cc-fu/primitive",
        "rewritten": "__unresolved_11",
        "loc": {
          "start": {
            "line": 12,
            "column": 14
          },
          "end": {
            "line": 12,
            "column": 47
          }
        }
      },
      {
        "value": "cce:/internal/x/cc-fu/profiler",
        "rewritten": "__unresolved_12",
        "loc": {
          "start": {
            "line": 13,
            "column": 14
          },
          "end": {
            "line": 13,
            "column": 46
          }
        }
      },
      {
        "value": "cce:/internal/x/cc-fu/audio",
        "rewritten": "__unresolved_13",
        "loc": {
          "start": {
            "line": 14,
            "column": 14
          },
          "end": {
            "line": 14,
            "column": 43
          }
        }
      },
      {
        "value": "cce:/internal/x/cc-fu/video",
        "rewritten": "__unresolved_14",
        "loc": {
          "start": {
            "line": 15,
            "column": 14
          },
          "end": {
            "line": 15,
            "column": 43
          }
        }
      },
      {
        "value": "cce:/internal/x/cc-fu/terrain",
        "rewritten": "__unresolved_15",
        "loc": {
          "start": {
            "line": 16,
            "column": 14
          },
          "end": {
            "line": 16,
            "column": 45
          }
        }
      },
      {
        "value": "cce:/internal/x/cc-fu/webview",
        "rewritten": "__unresolved_16",
        "loc": {
          "start": {
            "line": 17,
            "column": 14
          },
          "end": {
            "line": 17,
            "column": 45
          }
        }
      },
      {
        "value": "cce:/internal/x/cc-fu/tween",
        "rewritten": "__unresolved_17",
        "loc": {
          "start": {
            "line": 18,
            "column": 14
          },
          "end": {
            "line": 18,
            "column": 43
          }
        }
      },
      {
        "value": "cce:/internal/x/cc-fu/tiled-map",
        "rewritten": "__unresolved_18",
        "loc": {
          "start": {
            "line": 19,
            "column": 14
          },
          "end": {
            "line": 19,
            "column": 47
          }
        }
      },
      {
        "value": "cce:/internal/x/cc-fu/spine",
        "rewritten": "__unresolved_19",
        "loc": {
          "start": {
            "line": 20,
            "column": 14
          },
          "end": {
            "line": 20,
            "column": 43
          }
        }
      },
      {
        "value": "cce:/internal/x/cc-fu/dragon-bones",
        "rewritten": "__unresolved_20",
        "loc": {
          "start": {
            "line": 21,
            "column": 14
          },
          "end": {
            "line": 21,
            "column": 50
          }
        }
      }
    ],
    "modLoMetadata": {
      "type": "esm"
    },
    "resolvedImports": [
      {
        "specifierOrURL": "cce:/internal/x/cc-fu/base",
        "isExternal": true
      },
      {
        "specifierOrURL": "cce:/internal/x/cc-fu/gfx-webgl",
        "isExternal": true
      },
      {
        "specifierOrURL": "cce:/internal/x/cc-fu/gfx-webgl2",
        "isExternal": true
      },
      {
        "specifierOrURL": "cce:/internal/x/cc-fu/3d",
        "isExternal": true
      },
      {
        "specifierOrURL": "cce:/internal/x/cc-fu/2d",
        "isExternal": true
      },
      {
        "specifierOrURL": "cce:/internal/x/cc-fu/ui",
        "isExternal": true
      },
      {
        "specifierOrURL": "cce:/internal/x/cc-fu/particle",
        "isExternal": true
      },
      {
        "specifierOrURL": "cce:/internal/x/cc-fu/particle-2d",
        "isExternal": true
      },
      {
        "specifierOrURL": "cce:/internal/x/cc-fu/physics-framework",
        "isExternal": true
      },
      {
        "specifierOrURL": "cce:/internal/x/cc-fu/physics-2d-framework",
        "isExternal": true
      },
      {
        "specifierOrURL": "cce:/internal/x/cc-fu/intersection-2d",
        "isExternal": true
      },
      {
        "specifierOrURL": "cce:/internal/x/cc-fu/primitive",
        "isExternal": true
      },
      {
        "specifierOrURL": "cce:/internal/x/cc-fu/profiler",
        "isExternal": true
      },
      {
        "specifierOrURL": "cce:/internal/x/cc-fu/audio",
        "isExternal": true
      },
      {
        "specifierOrURL": "cce:/internal/x/cc-fu/video",
        "isExternal": true
      },
      {
        "specifierOrURL": "cce:/internal/x/cc-fu/terrain",
        "isExternal": true
      },
      {
        "specifierOrURL": "cce:/internal/x/cc-fu/webview",
        "isExternal": true
      },
      {
        "specifierOrURL": "cce:/internal/x/cc-fu/tween",
        "isExternal": true
      },
      {
        "specifierOrURL": "cce:/internal/x/cc-fu/tiled-map",
        "isExternal": true
      },
      {
        "specifierOrURL": "cce:/internal/x/cc-fu/spine",
        "isExternal": true
      },
      {
        "specifierOrURL": "cce:/internal/x/cc-fu/dragon-bones",
        "isExternal": true
      }
    ]
  },
  "cce:/internal/x/prerequisite-imports": {
    "mTimestamp": 3358344.118334,
    "chunkId": "quick-pack:/cce/internal/x/prerequisite-imports.js",
    "imports": [
      {
        "value": "file:///Users/liuling/%E5%AD%A6%E4%B9%A0/cocos/feijidazhan4/assets/script/bullite/Bullet.ts",
        "rewritten": "__unresolved_0",
        "loc": {
          "start": {
            "line": 5,
            "column": 35
          },
          "end": {
            "line": 5,
            "column": 128
          }
        }
      },
      {
        "value": "file:///Users/liuling/%E5%AD%A6%E4%B9%A0/cocos/feijidazhan4/assets/script/bullite/bulletProp.ts",
        "rewritten": "__unresolved_1",
        "loc": {
          "start": {
            "line": 5,
            "column": 144
          },
          "end": {
            "line": 5,
            "column": 241
          }
        }
      },
      {
        "value": "file:///Users/liuling/%E5%AD%A6%E4%B9%A0/cocos/feijidazhan4/assets/script/framework/AudioManger.ts",
        "rewritten": "__unresolved_2",
        "loc": {
          "start": {
            "line": 5,
            "column": 257
          },
          "end": {
            "line": 5,
            "column": 357
          }
        }
      },
      {
        "value": "file:///Users/liuling/%E5%AD%A6%E4%B9%A0/cocos/feijidazhan4/assets/script/framework/Constent.ts",
        "rewritten": "__unresolved_3",
        "loc": {
          "start": {
            "line": 5,
            "column": 373
          },
          "end": {
            "line": 5,
            "column": 470
          }
        }
      },
      {
        "value": "file:///Users/liuling/%E5%AD%A6%E4%B9%A0/cocos/feijidazhan4/assets/script/framework/GameManger.ts",
        "rewritten": "__unresolved_4",
        "loc": {
          "start": {
            "line": 5,
            "column": 486
          },
          "end": {
            "line": 5,
            "column": 585
          }
        }
      },
      {
        "value": "file:///Users/liuling/%E5%AD%A6%E4%B9%A0/cocos/feijidazhan4/assets/script/framework/PoolManager.ts",
        "rewritten": "__unresolved_5",
        "loc": {
          "start": {
            "line": 5,
            "column": 601
          },
          "end": {
            "line": 5,
            "column": 701
          }
        }
      },
      {
        "value": "file:///Users/liuling/%E5%AD%A6%E4%B9%A0/cocos/feijidazhan4/assets/script/movebg.ts",
        "rewritten": "__unresolved_6",
        "loc": {
          "start": {
            "line": 5,
            "column": 717
          },
          "end": {
            "line": 5,
            "column": 802
          }
        }
      },
      {
        "value": "file:///Users/liuling/%E5%AD%A6%E4%B9%A0/cocos/feijidazhan4/assets/script/plane/enemyPlay.ts",
        "rewritten": "__unresolved_7",
        "loc": {
          "start": {
            "line": 5,
            "column": 818
          },
          "end": {
            "line": 5,
            "column": 912
          }
        }
      },
      {
        "value": "file:///Users/liuling/%E5%AD%A6%E4%B9%A0/cocos/feijidazhan4/assets/script/plane/selfPlane.ts",
        "rewritten": "__unresolved_8",
        "loc": {
          "start": {
            "line": 5,
            "column": 928
          },
          "end": {
            "line": 5,
            "column": 1022
          }
        }
      },
      {
        "value": "file:///Users/liuling/%E5%AD%A6%E4%B9%A0/cocos/feijidazhan4/assets/script/ui/UIMain.ts",
        "rewritten": "__unresolved_9",
        "loc": {
          "start": {
            "line": 5,
            "column": 1038
          },
          "end": {
            "line": 5,
            "column": 1126
          }
        }
      }
    ],
    "modLoMetadata": {
      "type": "esm"
    },
    "resolvedImports": [
      {
        "isExternal": false,
        "url": "file:///Users/liuling/%E5%AD%A6%E4%B9%A0/cocos/feijidazhan4/assets/script/bullite/Bullet.ts"
      },
      {
        "isExternal": false,
        "url": "file:///Users/liuling/%E5%AD%A6%E4%B9%A0/cocos/feijidazhan4/assets/script/bullite/bulletProp.ts"
      },
      {
        "isExternal": false,
        "url": "file:///Users/liuling/%E5%AD%A6%E4%B9%A0/cocos/feijidazhan4/assets/script/framework/AudioManger.ts"
      },
      {
        "isExternal": false,
        "url": "file:///Users/liuling/%E5%AD%A6%E4%B9%A0/cocos/feijidazhan4/assets/script/framework/Constent.ts"
      },
      {
        "isExternal": false,
        "url": "file:///Users/liuling/%E5%AD%A6%E4%B9%A0/cocos/feijidazhan4/assets/script/framework/GameManger.ts"
      },
      {
        "isExternal": false,
        "url": "file:///Users/liuling/%E5%AD%A6%E4%B9%A0/cocos/feijidazhan4/assets/script/framework/PoolManager.ts"
      },
      {
        "isExternal": false,
        "url": "file:///Users/liuling/%E5%AD%A6%E4%B9%A0/cocos/feijidazhan4/assets/script/movebg.ts"
      },
      {
        "isExternal": false,
        "url": "file:///Users/liuling/%E5%AD%A6%E4%B9%A0/cocos/feijidazhan4/assets/script/plane/enemyPlay.ts"
      },
      {
        "isExternal": false,
        "url": "file:///Users/liuling/%E5%AD%A6%E4%B9%A0/cocos/feijidazhan4/assets/script/plane/selfPlane.ts"
      },
      {
        "isExternal": false,
        "url": "file:///Users/liuling/%E5%AD%A6%E4%B9%A0/cocos/feijidazhan4/assets/script/ui/UIMain.ts"
      }
    ]
  },
  "file:///Users/liuling/%E5%AD%A6%E4%B9%A0/cocos/feijidazhan4/assets/script/movebg.ts": {
    "mTimestamp": {
      "mtime": 1653467098377.8005,
      "uuid": "e3e36cfb-2043-4536-8387-216bd486cb61"
    },
    "chunkId": "assets/script/movebg.js",
    "imports": [
      {
        "value": "cc"
      },
      {
        "value": "cc",
        "loc": {
          "start": {
            "line": 2,
            "column": 44
          },
          "end": {
            "line": 2,
            "column": 48
          }
        }
      }
    ],
    "modLoMetadata": {
      "type": "esm"
    },
    "resolvedImports": [
      {
        "isExternal": false,
        "url": "cce:/internal/x/cc"
      },
      {
        "isExternal": false,
        "url": "cce:/internal/x/cc"
      }
    ]
  },
  "file:///Users/liuling/%E5%AD%A6%E4%B9%A0/cocos/feijidazhan4/assets/script/selfPlane.ts": {
    "mTimestamp": {
      "mtime": 1653470859146.729,
      "uuid": "e383d211-fbe8-4267-ad81-288ded2fff3f"
    },
    "chunkId": "assets/script/selfPlane.js",
    "imports": [
      {
        "value": "cc"
      },
      {
        "value": "cc",
        "loc": {
          "start": {
            "line": 2,
            "column": 89
          },
          "end": {
            "line": 2,
            "column": 93
          }
        }
      }
    ],
    "modLoMetadata": {
      "type": "esm"
    },
    "resolvedImports": [
      {
        "isExternal": false,
        "url": "cce:/internal/x/cc"
      },
      {
        "isExternal": false,
        "url": "cce:/internal/x/cc"
      }
    ]
  },
  "file:///Users/liuling/%E5%AD%A6%E4%B9%A0/cocos/feijidazhan4/assets/script/plane/selfPlane.ts": {
    "mTimestamp": {
      "mtime": 1654136349870.4631,
      "uuid": "e383d211-fbe8-4267-ad81-288ded2fff3f"
    },
    "chunkId": "assets/script/plane/selfPlane.js",
    "imports": [
      {
        "value": "cce:/internal/code-quality/cr.mjs",
        "rewritten": "__unresolved_0"
      },
      {
        "value": "cc"
      },
      {
        "value": "cc",
        "loc": {
          "start": {
            "line": 2,
            "column": 126
          },
          "end": {
            "line": 2,
            "column": 130
          }
        }
      },
      {
        "value": "../framework/Constent",
        "rewritten": "__unresolved_1",
        "loc": {
          "start": {
            "line": 3,
            "column": 25
          },
          "end": {
            "line": 3,
            "column": 48
          }
        }
      }
    ],
    "modLoMetadata": {
      "type": "esm"
    },
    "resolvedImports": [
      {
        "isExternal": false,
        "url": "cce:/internal/code-quality/cr.mjs"
      },
      {
        "isExternal": false,
        "url": "cce:/internal/x/cc"
      },
      {
        "isExternal": false,
        "url": "cce:/internal/x/cc"
      },
      {
        "isExternal": false,
        "url": "file:///Users/liuling/%E5%AD%A6%E4%B9%A0/cocos/feijidazhan4/assets/script/framework/Constent.ts"
      }
    ]
  },
  "file:///Users/liuling/%E5%AD%A6%E4%B9%A0/cocos/feijidazhan4/assets/script/ui/UIMain.ts": {
    "mTimestamp": {
      "mtime": 1654082905235.2222,
      "uuid": "360950e8-11e1-458c-9d5a-ea2e1626049b"
    },
    "chunkId": "assets/script/ui/UIMain.js",
    "imports": [
      {
        "value": "cce:/internal/code-quality/cr.mjs",
        "rewritten": "__unresolved_0"
      },
      {
        "value": "cc"
      },
      {
        "value": "cc",
        "loc": {
          "start": {
            "line": 2,
            "column": 89
          },
          "end": {
            "line": 2,
            "column": 93
          }
        }
      },
      {
        "value": "../framework/GameManger",
        "rewritten": "__unresolved_1",
        "loc": {
          "start": {
            "line": 3,
            "column": 27
          },
          "end": {
            "line": 3,
            "column": 52
          }
        }
      }
    ],
    "modLoMetadata": {
      "type": "esm"
    },
    "resolvedImports": [
      {
        "isExternal": false,
        "url": "cce:/internal/code-quality/cr.mjs"
      },
      {
        "isExternal": false,
        "url": "cce:/internal/x/cc"
      },
      {
        "isExternal": false,
        "url": "cce:/internal/x/cc"
      },
      {
        "isExternal": false,
        "url": "file:///Users/liuling/%E5%AD%A6%E4%B9%A0/cocos/feijidazhan4/assets/script/framework/GameManger.ts"
      }
    ]
  },
  "file:///Users/liuling/%E5%AD%A6%E4%B9%A0/cocos/feijidazhan4/assets/script/bullite/Bullet.ts": {
    "mTimestamp": {
      "mtime": 1654078799026.511,
      "uuid": "c483e62c-f2e8-4d93-83d4-06943fda4ecb"
    },
    "chunkId": "assets/script/bullite/Bullet.js",
    "imports": [
      {
        "value": "cce:/internal/code-quality/cr.mjs",
        "rewritten": "__unresolved_0"
      },
      {
        "value": "cc"
      },
      {
        "value": "cc",
        "loc": {
          "start": {
            "line": 2,
            "column": 79
          },
          "end": {
            "line": 2,
            "column": 83
          }
        }
      },
      {
        "value": "../framework/Constent",
        "rewritten": "__unresolved_1",
        "loc": {
          "start": {
            "line": 4,
            "column": 25
          },
          "end": {
            "line": 4,
            "column": 48
          }
        }
      }
    ],
    "modLoMetadata": {
      "type": "esm"
    },
    "resolvedImports": [
      {
        "isExternal": false,
        "url": "cce:/internal/code-quality/cr.mjs"
      },
      {
        "isExternal": false,
        "url": "cce:/internal/x/cc"
      },
      {
        "isExternal": false,
        "url": "cce:/internal/x/cc"
      },
      {
        "isExternal": false,
        "url": "file:///Users/liuling/%E5%AD%A6%E4%B9%A0/cocos/feijidazhan4/assets/script/framework/Constent.ts"
      }
    ]
  },
  "file:///Users/liuling/%E5%AD%A6%E4%B9%A0/cocos/feijidazhan4/assets/script/framework/GameManger.ts": {
    "mTimestamp": {
      "mtime": 1654136557686.627,
      "uuid": "8368da3d-5a31-486f-a04c-1fb189ed08a2"
    },
    "chunkId": "assets/script/framework/GameManger.js",
    "imports": [
      {
        "value": "cce:/internal/code-quality/cr.mjs",
        "rewritten": "__unresolved_0"
      },
      {
        "value": "cc"
      },
      {
        "value": "cc",
        "loc": {
          "start": {
            "line": 2,
            "column": 117
          },
          "end": {
            "line": 2,
            "column": 121
          }
        }
      },
      {
        "value": "../bullite/Bullet",
        "rewritten": "__unresolved_1",
        "loc": {
          "start": {
            "line": 3,
            "column": 23
          },
          "end": {
            "line": 3,
            "column": 42
          }
        }
      },
      {
        "value": "../bullite/bulletProp",
        "rewritten": "__unresolved_2",
        "loc": {
          "start": {
            "line": 4,
            "column": 27
          },
          "end": {
            "line": 4,
            "column": 50
          }
        }
      },
      {
        "value": "../plane/enemyPlay",
        "rewritten": "__unresolved_3",
        "loc": {
          "start": {
            "line": 5,
            "column": 26
          },
          "end": {
            "line": 5,
            "column": 46
          }
        }
      },
      {
        "value": "../plane/selfPlane",
        "rewritten": "__unresolved_4",
        "loc": {
          "start": {
            "line": 6,
            "column": 26
          },
          "end": {
            "line": 6,
            "column": 46
          }
        }
      },
      {
        "value": "./AudioManger",
        "rewritten": "__unresolved_5",
        "loc": {
          "start": {
            "line": 7,
            "column": 28
          },
          "end": {
            "line": 7,
            "column": 43
          }
        }
      },
      {
        "value": "./Constent",
        "rewritten": "__unresolved_6",
        "loc": {
          "start": {
            "line": 8,
            "column": 25
          },
          "end": {
            "line": 8,
            "column": 37
          }
        }
      }
    ],
    "modLoMetadata": {
      "type": "esm"
    },
    "resolvedImports": [
      {
        "isExternal": false,
        "url": "cce:/internal/code-quality/cr.mjs"
      },
      {
        "isExternal": false,
        "url": "cce:/internal/x/cc"
      },
      {
        "isExternal": false,
        "url": "cce:/internal/x/cc"
      },
      {
        "isExternal": false,
        "url": "file:///Users/liuling/%E5%AD%A6%E4%B9%A0/cocos/feijidazhan4/assets/script/bullite/Bullet.ts"
      },
      {
        "isExternal": false,
        "url": "file:///Users/liuling/%E5%AD%A6%E4%B9%A0/cocos/feijidazhan4/assets/script/bullite/bulletProp.ts"
      },
      {
        "isExternal": false,
        "url": "file:///Users/liuling/%E5%AD%A6%E4%B9%A0/cocos/feijidazhan4/assets/script/plane/enemyPlay.ts"
      },
      {
        "isExternal": false,
        "url": "file:///Users/liuling/%E5%AD%A6%E4%B9%A0/cocos/feijidazhan4/assets/script/plane/selfPlane.ts"
      },
      {
        "isExternal": false,
        "url": "file:///Users/liuling/%E5%AD%A6%E4%B9%A0/cocos/feijidazhan4/assets/script/framework/AudioManger.ts"
      },
      {
        "isExternal": false,
        "url": "file:///Users/liuling/%E5%AD%A6%E4%B9%A0/cocos/feijidazhan4/assets/script/framework/Constent.ts"
      }
    ]
  },
  "cce:/internal/code-quality/cr.mjs": {
    "mTimestamp": 1654133202553,
    "chunkId": "quick-pack:/cce/internal/code-quality/cr.js",
    "imports": [],
    "modLoMetadata": {
      "type": "esm"
    },
    "resolvedImports": []
  },
  "file:///Users/liuling/%E5%AD%A6%E4%B9%A0/cocos/feijidazhan4/assets/script/plane/enemyPlay.ts": {
    "mTimestamp": {
      "mtime": 1654079891075.6638,
      "uuid": "e65f5852-c117-412e-a4c5-e94cb06ebeb1"
    },
    "chunkId": "assets/script/plane/enemyPlay.js",
    "imports": [
      {
        "value": "cce:/internal/code-quality/cr.mjs",
        "rewritten": "__unresolved_0"
      },
      {
        "value": "cc"
      },
      {
        "value": "cc",
        "loc": {
          "start": {
            "line": 2,
            "column": 69
          },
          "end": {
            "line": 2,
            "column": 73
          }
        }
      },
      {
        "value": "../framework/Constent",
        "rewritten": "__unresolved_1",
        "loc": {
          "start": {
            "line": 3,
            "column": 25
          },
          "end": {
            "line": 3,
            "column": 48
          }
        }
      }
    ],
    "modLoMetadata": {
      "type": "esm"
    },
    "resolvedImports": [
      {
        "isExternal": false,
        "url": "cce:/internal/code-quality/cr.mjs"
      },
      {
        "isExternal": false,
        "url": "cce:/internal/x/cc"
      },
      {
        "isExternal": false,
        "url": "cce:/internal/x/cc"
      },
      {
        "isExternal": false,
        "url": "file:///Users/liuling/%E5%AD%A6%E4%B9%A0/cocos/feijidazhan4/assets/script/framework/Constent.ts"
      }
    ]
  },
  "file:///Users/liuling/%E5%AD%A6%E4%B9%A0/cocos/feijidazhan4/assets/script/framework/Conten.ts": {
    "mTimestamp": {
      "mtime": 1653963020891.1465,
      "uuid": "d54746a5-f6c3-404a-bfec-8ff2dd61eccc"
    },
    "chunkId": "assets/script/framework/Conten.js",
    "imports": [
      {
        "value": "cc"
      },
      {
        "value": "cc",
        "loc": {
          "start": {
            "line": 2,
            "column": 44
          },
          "end": {
            "line": 2,
            "column": 48
          }
        }
      }
    ],
    "modLoMetadata": {
      "type": "esm"
    },
    "resolvedImports": [
      {
        "isExternal": false,
        "url": "cce:/internal/x/cc"
      },
      {
        "isExternal": false,
        "url": "cce:/internal/x/cc"
      }
    ]
  },
  "file:///Users/liuling/%E5%AD%A6%E4%B9%A0/cocos/feijidazhan4/assets/script/framework/Constent.ts": {
    "mTimestamp": {
      "mtime": 1654136260142.3845,
      "uuid": "d54746a5-f6c3-404a-bfec-8ff2dd61eccc"
    },
    "chunkId": "assets/script/framework/Constent.js",
    "imports": [
      {
        "value": "cc"
      },
      {
        "value": "cc",
        "loc": {
          "start": {
            "line": 2,
            "column": 44
          },
          "end": {
            "line": 2,
            "column": 48
          }
        }
      }
    ],
    "modLoMetadata": {
      "type": "esm"
    },
    "resolvedImports": [
      {
        "isExternal": false,
        "url": "cce:/internal/x/cc"
      },
      {
        "isExternal": false,
        "url": "cce:/internal/x/cc"
      }
    ]
  },
  "file:///Users/liuling/%E5%AD%A6%E4%B9%A0/cocos/feijidazhan4/assets/script/bullite/bulletProp.ts": {
    "mTimestamp": {
      "mtime": 1654053150348.5933,
      "uuid": "b726e34f-5a85-4b20-8ed5-102038ac71fe"
    },
    "chunkId": "assets/script/bullite/bulletProp.js",
    "imports": [
      {
        "value": "cce:/internal/code-quality/cr.mjs",
        "rewritten": "__unresolved_0"
      },
      {
        "value": "cc"
      },
      {
        "value": "cc",
        "loc": {
          "start": {
            "line": 2,
            "column": 83
          },
          "end": {
            "line": 2,
            "column": 87
          }
        }
      },
      {
        "value": "../framework/Constent",
        "rewritten": "__unresolved_1",
        "loc": {
          "start": {
            "line": 3,
            "column": 25
          },
          "end": {
            "line": 3,
            "column": 48
          }
        }
      }
    ],
    "modLoMetadata": {
      "type": "esm"
    },
    "resolvedImports": [
      {
        "isExternal": false,
        "url": "cce:/internal/code-quality/cr.mjs"
      },
      {
        "isExternal": false,
        "url": "cce:/internal/x/cc"
      },
      {
        "isExternal": false,
        "url": "cce:/internal/x/cc"
      },
      {
        "isExternal": false,
        "url": "file:///Users/liuling/%E5%AD%A6%E4%B9%A0/cocos/feijidazhan4/assets/script/framework/Constent.ts"
      }
    ]
  },
  "file:///Users/liuling/%E5%AD%A6%E4%B9%A0/cocos/feijidazhan4/assets/script/framework/AudioManger.ts": {
    "mTimestamp": {
      "mtime": 1654081813949.5884,
      "uuid": "f6dae24b-502a-48ca-96ae-c09884deb0af"
    },
    "chunkId": "assets/script/framework/AudioManger.js",
    "imports": [
      {
        "value": "cc"
      },
      {
        "value": "cc",
        "loc": {
          "start": {
            "line": 2,
            "column": 68
          },
          "end": {
            "line": 2,
            "column": 72
          }
        }
      }
    ],
    "modLoMetadata": {
      "type": "esm"
    },
    "resolvedImports": [
      {
        "isExternal": false,
        "url": "cce:/internal/x/cc"
      },
      {
        "isExternal": false,
        "url": "cce:/internal/x/cc"
      }
    ]
  },
  "file:///Users/liuling/%E5%AD%A6%E4%B9%A0/cocos/feijidazhan4/assets/script/framework/PoolManager.ts": {
    "mTimestamp": {
      "mtime": 1654133270430.8884,
      "uuid": "fa9d9845-2e58-498c-a263-6951ffb839cc"
    },
    "chunkId": "assets/script/framework/PoolManager.js",
    "imports": [
      {
        "value": "cc"
      },
      {
        "value": "cc",
        "loc": {
          "start": {
            "line": 2,
            "column": 44
          },
          "end": {
            "line": 2,
            "column": 48
          }
        }
      }
    ],
    "modLoMetadata": {
      "type": "esm"
    },
    "resolvedImports": [
      {
        "isExternal": false,
        "url": "cce:/internal/x/cc"
      },
      {
        "isExternal": false,
        "url": "cce:/internal/x/cc"
      }
    ]
  }
}
