{
  "f46876e4-e81b-4931-b493-6d367be385e7": {
    "assetUuid": "f46876e4-e81b-4931-b493-6d367be385e7",
    "animationUuid": "",
    "expandLevels": [
      "0"
    ]
  },
  "f95002a7-a510-4c45-85c1-b577f516137c": {
    "assetUuid": "f95002a7-a510-4c45-85c1-b577f516137c",
    "animationUuid": "",
    "expandLevels": [
      "0",
      "0_0",
      "0_0_1",
      "0_0_4"
    ]
  },
  "3a9dd2f8-d199-4f9d-99b1-087c074a2237": {
    "assetUuid": "3a9dd2f8-d199-4f9d-99b1-087c074a2237",
    "animationUuid": "",
    "expandLevels": [
      "0",
      "0_0",
      "0_0_1",
      "0_0_1_0",
      "0_0_1_2",
      "0_0_1_4",
      "0_0_1_5",
      "0_0_2",
      "0_0_2_1",
      "0_0_2_4"
    ]
  },
  "11f699c5-32ea-47ce-ab37-badfe3d7eebb": {
    "assetUuid": "11f699c5-32ea-47ce-ab37-badfe3d7eebb",
    "animationUuid": "",
    "expandLevels": [
      "0"
    ]
  },
  "c2edff6a-43d5-4548-aa99-2b3fdd7111c3": {
    "assetUuid": "c2edff6a-43d5-4548-aa99-2b3fdd7111c3",
    "animationUuid": "",
    "expandLevels": [
      "0"
    ]
  },
  "bffafcc3-275f-4963-a4d6-4e39f29e50ec": {
    "assetUuid": "bffafcc3-275f-4963-a4d6-4e39f29e50ec",
    "animationUuid": "",
    "expandLevels": [
      "0"
    ]
  },
  "69b35425-c7fa-4b9b-81b2-961338c0eb94": {
    "assetUuid": "69b35425-c7fa-4b9b-81b2-961338c0eb94",
    "animationUuid": "",
    "expandLevels": [
      "0"
    ]
  },
  "1ea29a49-e7a8-4592-91ff-5e84b0cde3e6": {
    "assetUuid": "1ea29a49-e7a8-4592-91ff-5e84b0cde3e6",
    "animationUuid": "",
    "expandLevels": [
      "0"
    ]
  },
  "b8a70d87-b0a6-4d13-b528-d20079836006": {
    "assetUuid": "b8a70d87-b0a6-4d13-b528-d20079836006",
    "animationUuid": "",
    "expandLevels": [
      "0"
    ]
  },
  "017923b1-ebc2-4516-9a73-0f4dd12f0f12": {
    "assetUuid": "017923b1-ebc2-4516-9a73-0f4dd12f0f12",
    "animationUuid": "",
    "expandLevels": [
      "0"
    ]
  },
  "4f429157-6c2a-484f-85af-af89416e004a": {
    "assetUuid": "4f429157-6c2a-484f-85af-af89416e004a",
    "animationUuid": "",
    "expandLevels": [
      "0",
      "0_0"
    ]
  }
}
