[
    1,
    [
        "54wyN0S95G1YxAVBkE6+GV@6c48a",
        "a3zQCfCrBCDZJ4uf2rk5u8"
    ],
    [
        "mainTexture",
        "_effectAsset"
    ],
    [
        [
            "cc.Material",
            [
                "_techIdx",
                "_states",
                "_defines",
                "_props"
            ],
            0,
            12
        ]
    ],
    [
        [
            0,
            0,
            1,
            2,
            3,
            4
        ]
    ],
    [
        [
            0,
            "3",
            [
                {
                    "rasterizerState": {},
                    "depthStencilState": {},
                    "blendState": {
                        "targets": [
                            {}
                        ]
                    }
                }
            ],
            [
                {
                    "USE_TEXTURE": true
                }
            ],
            [
                [
                    [
                        {},
                        "mainTexture",
                        6,
                        0
                    ]
                ],
                11
            ]
        ]
    ],
    0,
    0,
    [
        0,
        0
    ],
    [
        0,
        1
    ],
    [
        0,
        1
    ]
]
