[
    1,
    [
        "3e6OoxfrRMZLwv/YP8b2Rd@6c48a"
    ],
    [
        "_textureSource"
    ],
    [
        "cc.SpriteFrame"
    ],
    0,
    [
        {
            "name": "coins_container",
            "rect": {
                "x": 0,
                "y": 0,
                "width": 165,
                "height": 55
            },
            "offset": {
                "x": 0,
                "y": 0
            },
            "originalSize": {
                "width": 165,
                "height": 55
            },
            "rotated": false,
            "capInsets": [
                0,
                0,
                0,
                0
            ],
            "packable": true
        }
    ],
    [
        0
    ],
    0,
    [
        0
    ],
    [
        0
    ],
    [
        0
    ]
]
