{
  "game": {
    "app_id": "608586404",
    "name": "shubankuanggong",
    "c_id": "0"
  },
  "appConfigMaps": [
    {
      "app_id": "608586404",
      "config_id": "ab468b"
    }
  ],
  "configs": [
    {
      "app_id": "608586404",
      "config_id": "ab468b",
      "config_name": "Default",
      "config_remarks": "",
      "services": [
        {
          "service_id": "235",
          "enable": false,
          "param": {
            "app_id": "608586404",
            "store_id": "H5"
          }
        }
      ]
    }
  ]
}
