{
  "assets/scripts/goGame.js": {
    "imports": {
      "cc": "quick-pack:/cce/internal/x/cc.js"
    },
    "physicalLocation": "fs/0/assets/scripts/goGame.js",
    "mTimestamp": 1650869306885
  },
  "assets/scripts/gamety.js": {
    "imports": {
      "cc": "quick-pack:/cce/internal/x/cc.js"
    },
    "physicalLocation": "fs/0/assets/scripts/gamety.js",
    "mTimestamp": 1650869592378
  },
  "assets/scripts/click.js": {
    "imports": {
      "cc": "quick-pack:/cce/internal/x/cc.js"
    },
    "physicalLocation": "fs/0/assets/scripts/click.js",
    "mTimestamp": 1650869805477
  },
  "assets/scripts/clickgame.js": {
    "imports": {
      "__unresolved_0": "quick-pack:/cce/internal/code-quality/cr.js",
      "cc": "quick-pack:/cce/internal/x/cc.js",
      "__unresolved_1": "assets/scripts/hook.js"
    },
    "physicalLocation": "fs/0/assets/scripts/clickgame.js",
    "mTimestamp": 1650871065257
  },
  "assets/scripts/Edage.js": {
    "imports": {
      "cc": "quick-pack:/cce/internal/x/cc.js",
      "__unresolved_0": "quick-pack:/cce/internal/code-quality/cr.js",
      "__unresolved_1": "assets/scripts/hook.js"
    },
    "physicalLocation": "fs/0/assets/scripts/Edage.js",
    "mTimestamp": 1650879610957
  },
  "assets/scripts/gameoverf.js": {
    "imports": {
      "cc": "quick-pack:/cce/internal/x/cc.js"
    },
    "physicalLocation": "fs/0/assets/scripts/gameoverf.js",
    "mTimestamp": 1651143616771
  },
  "assets/scripts/hook.js": {
    "imports": {
      "cc": "quick-pack:/cce/internal/x/cc.js"
    },
    "physicalLocation": "fs/0/assets/scripts/hook.js",
    "mTimestamp": 1651144078660
  },
  "quick-pack:/cce/internal/x/cc.js": {
    "imports": {
      "__unresolved_0": {
        "external": true,
        "url": "cce:/internal/x/cc-fu/base"
      },
      "__unresolved_1": {
        "external": true,
        "url": "cce:/internal/x/cc-fu/gfx-webgl"
      },
      "__unresolved_2": {
        "external": true,
        "url": "cce:/internal/x/cc-fu/gfx-webgl2"
      },
      "__unresolved_3": {
        "external": true,
        "url": "cce:/internal/x/cc-fu/3d"
      },
      "__unresolved_4": {
        "external": true,
        "url": "cce:/internal/x/cc-fu/2d"
      },
      "__unresolved_5": {
        "external": true,
        "url": "cce:/internal/x/cc-fu/ui"
      },
      "__unresolved_6": {
        "external": true,
        "url": "cce:/internal/x/cc-fu/particle"
      },
      "__unresolved_7": {
        "external": true,
        "url": "cce:/internal/x/cc-fu/particle-2d"
      },
      "__unresolved_8": {
        "external": true,
        "url": "cce:/internal/x/cc-fu/physics-framework"
      },
      "__unresolved_9": {
        "external": true,
        "url": "cce:/internal/x/cc-fu/physics-2d-framework"
      },
      "__unresolved_10": {
        "external": true,
        "url": "cce:/internal/x/cc-fu/intersection-2d"
      },
      "__unresolved_11": {
        "external": true,
        "url": "cce:/internal/x/cc-fu/primitive"
      },
      "__unresolved_12": {
        "external": true,
        "url": "cce:/internal/x/cc-fu/profiler"
      },
      "__unresolved_13": {
        "external": true,
        "url": "cce:/internal/x/cc-fu/audio"
      },
      "__unresolved_14": {
        "external": true,
        "url": "cce:/internal/x/cc-fu/video"
      },
      "__unresolved_15": {
        "external": true,
        "url": "cce:/internal/x/cc-fu/terrain"
      },
      "__unresolved_16": {
        "external": true,
        "url": "cce:/internal/x/cc-fu/webview"
      },
      "__unresolved_17": {
        "external": true,
        "url": "cce:/internal/x/cc-fu/tween"
      },
      "__unresolved_18": {
        "external": true,
        "url": "cce:/internal/x/cc-fu/tiled-map"
      },
      "__unresolved_19": {
        "external": true,
        "url": "cce:/internal/x/cc-fu/spine"
      },
      "__unresolved_20": {
        "external": true,
        "url": "cce:/internal/x/cc-fu/dragon-bones"
      }
    },
    "physicalLocation": "cce/internal/x/cc.js",
    "mTimestamp": 1652170179779,
    "isEntry": true,
    "exposeAs": "cce:/internal/x/cc"
  },
  "quick-pack:/cce/internal/code-quality/cr.js": {
    "imports": {},
    "physicalLocation": "cce/internal/code-quality/cr.js",
    "mTimestamp": 1652170179816
  },
  "quick-pack:/cce/internal/x/prerequisite-imports.js": {
    "imports": {
      "__unresolved_0": "assets/scripts/Edage.js",
      "__unresolved_1": "assets/scripts/clickgame.js",
      "__unresolved_2": "assets/scripts/gameoverf.js",
      "__unresolved_3": "assets/scripts/gamety.js",
      "__unresolved_4": "assets/scripts/goGame.js",
      "__unresolved_5": "assets/scripts/hook.js",
      "__unresolved_6": "assets/scripts/xuliezhen.js"
    },
    "physicalLocation": "cce/internal/x/prerequisite-imports.js",
    "mTimestamp": 1652176685116,
    "isEntry": true,
    "exposeAs": "cce:/internal/x/prerequisite-imports"
  },
  "assets/scripts/xuliezhen.js": {
    "imports": {
      "cc": "quick-pack:/cce/internal/x/cc.js"
    },
    "physicalLocation": "fs/0/assets/scripts/xuliezhen.js",
    "mTimestamp": 1652176685166
  }
}
