{
  "cce:/internal/x/cc": {
    "mTimestamp": 9986.009041998535,
    "chunkId": "quick-pack:/cce/internal/x/cc.js",
    "imports": [
      {
        "value": "cce:/internal/x/cc-fu/base",
        "rewritten": "__unresolved_0",
        "loc": {
          "start": {
            "line": 1,
            "column": 14
          },
          "end": {
            "line": 1,
            "column": 42
          }
        }
      },
      {
        "value": "cce:/internal/x/cc-fu/gfx-webgl",
        "rewritten": "__unresolved_1",
        "loc": {
          "start": {
            "line": 2,
            "column": 14
          },
          "end": {
            "line": 2,
            "column": 47
          }
        }
      },
      {
        "value": "cce:/internal/x/cc-fu/gfx-webgl2",
        "rewritten": "__unresolved_2",
        "loc": {
          "start": {
            "line": 3,
            "column": 14
          },
          "end": {
            "line": 3,
            "column": 48
          }
        }
      },
      {
        "value": "cce:/internal/x/cc-fu/3d",
        "rewritten": "__unresolved_3",
        "loc": {
          "start": {
            "line": 4,
            "column": 14
          },
          "end": {
            "line": 4,
            "column": 40
          }
        }
      },
      {
        "value": "cce:/internal/x/cc-fu/2d",
        "rewritten": "__unresolved_4",
        "loc": {
          "start": {
            "line": 5,
            "column": 14
          },
          "end": {
            "line": 5,
            "column": 40
          }
        }
      },
      {
        "value": "cce:/internal/x/cc-fu/ui",
        "rewritten": "__unresolved_5",
        "loc": {
          "start": {
            "line": 6,
            "column": 14
          },
          "end": {
            "line": 6,
            "column": 40
          }
        }
      },
      {
        "value": "cce:/internal/x/cc-fu/particle",
        "rewritten": "__unresolved_6",
        "loc": {
          "start": {
            "line": 7,
            "column": 14
          },
          "end": {
            "line": 7,
            "column": 46
          }
        }
      },
      {
        "value": "cce:/internal/x/cc-fu/particle-2d",
        "rewritten": "__unresolved_7",
        "loc": {
          "start": {
            "line": 8,
            "column": 14
          },
          "end": {
            "line": 8,
            "column": 49
          }
        }
      },
      {
        "value": "cce:/internal/x/cc-fu/physics-framework",
        "rewritten": "__unresolved_8",
        "loc": {
          "start": {
            "line": 9,
            "column": 14
          },
          "end": {
            "line": 9,
            "column": 55
          }
        }
      },
      {
        "value": "cce:/internal/x/cc-fu/physics-2d-framework",
        "rewritten": "__unresolved_9",
        "loc": {
          "start": {
            "line": 10,
            "column": 14
          },
          "end": {
            "line": 10,
            "column": 58
          }
        }
      },
      {
        "value": "cce:/internal/x/cc-fu/intersection-2d",
        "rewritten": "__unresolved_10",
        "loc": {
          "start": {
            "line": 11,
            "column": 14
          },
          "end": {
            "line": 11,
            "column": 53
          }
        }
      },
      {
        "value": "cce:/internal/x/cc-fu/primitive",
        "rewritten": "__unresolved_11",
        "loc": {
          "start": {
            "line": 12,
            "column": 14
          },
          "end": {
            "line": 12,
            "column": 47
          }
        }
      },
      {
        "value": "cce:/internal/x/cc-fu/profiler",
        "rewritten": "__unresolved_12",
        "loc": {
          "start": {
            "line": 13,
            "column": 14
          },
          "end": {
            "line": 13,
            "column": 46
          }
        }
      },
      {
        "value": "cce:/internal/x/cc-fu/audio",
        "rewritten": "__unresolved_13",
        "loc": {
          "start": {
            "line": 14,
            "column": 14
          },
          "end": {
            "line": 14,
            "column": 43
          }
        }
      },
      {
        "value": "cce:/internal/x/cc-fu/video",
        "rewritten": "__unresolved_14",
        "loc": {
          "start": {
            "line": 15,
            "column": 14
          },
          "end": {
            "line": 15,
            "column": 43
          }
        }
      },
      {
        "value": "cce:/internal/x/cc-fu/terrain",
        "rewritten": "__unresolved_15",
        "loc": {
          "start": {
            "line": 16,
            "column": 14
          },
          "end": {
            "line": 16,
            "column": 45
          }
        }
      },
      {
        "value": "cce:/internal/x/cc-fu/webview",
        "rewritten": "__unresolved_16",
        "loc": {
          "start": {
            "line": 17,
            "column": 14
          },
          "end": {
            "line": 17,
            "column": 45
          }
        }
      },
      {
        "value": "cce:/internal/x/cc-fu/tween",
        "rewritten": "__unresolved_17",
        "loc": {
          "start": {
            "line": 18,
            "column": 14
          },
          "end": {
            "line": 18,
            "column": 43
          }
        }
      },
      {
        "value": "cce:/internal/x/cc-fu/tiled-map",
        "rewritten": "__unresolved_18",
        "loc": {
          "start": {
            "line": 19,
            "column": 14
          },
          "end": {
            "line": 19,
            "column": 47
          }
        }
      },
      {
        "value": "cce:/internal/x/cc-fu/spine",
        "rewritten": "__unresolved_19",
        "loc": {
          "start": {
            "line": 20,
            "column": 14
          },
          "end": {
            "line": 20,
            "column": 43
          }
        }
      },
      {
        "value": "cce:/internal/x/cc-fu/dragon-bones",
        "rewritten": "__unresolved_20",
        "loc": {
          "start": {
            "line": 21,
            "column": 14
          },
          "end": {
            "line": 21,
            "column": 50
          }
        }
      }
    ],
    "modLoMetadata": {
      "type": "esm"
    },
    "resolvedImports": [
      {
        "specifierOrURL": "cce:/internal/x/cc-fu/base",
        "isExternal": true
      },
      {
        "specifierOrURL": "cce:/internal/x/cc-fu/gfx-webgl",
        "isExternal": true
      },
      {
        "specifierOrURL": "cce:/internal/x/cc-fu/gfx-webgl2",
        "isExternal": true
      },
      {
        "specifierOrURL": "cce:/internal/x/cc-fu/3d",
        "isExternal": true
      },
      {
        "specifierOrURL": "cce:/internal/x/cc-fu/2d",
        "isExternal": true
      },
      {
        "specifierOrURL": "cce:/internal/x/cc-fu/ui",
        "isExternal": true
      },
      {
        "specifierOrURL": "cce:/internal/x/cc-fu/particle",
        "isExternal": true
      },
      {
        "specifierOrURL": "cce:/internal/x/cc-fu/particle-2d",
        "isExternal": true
      },
      {
        "specifierOrURL": "cce:/internal/x/cc-fu/physics-framework",
        "isExternal": true
      },
      {
        "specifierOrURL": "cce:/internal/x/cc-fu/physics-2d-framework",
        "isExternal": true
      },
      {
        "specifierOrURL": "cce:/internal/x/cc-fu/intersection-2d",
        "isExternal": true
      },
      {
        "specifierOrURL": "cce:/internal/x/cc-fu/primitive",
        "isExternal": true
      },
      {
        "specifierOrURL": "cce:/internal/x/cc-fu/profiler",
        "isExternal": true
      },
      {
        "specifierOrURL": "cce:/internal/x/cc-fu/audio",
        "isExternal": true
      },
      {
        "specifierOrURL": "cce:/internal/x/cc-fu/video",
        "isExternal": true
      },
      {
        "specifierOrURL": "cce:/internal/x/cc-fu/terrain",
        "isExternal": true
      },
      {
        "specifierOrURL": "cce:/internal/x/cc-fu/webview",
        "isExternal": true
      },
      {
        "specifierOrURL": "cce:/internal/x/cc-fu/tween",
        "isExternal": true
      },
      {
        "specifierOrURL": "cce:/internal/x/cc-fu/tiled-map",
        "isExternal": true
      },
      {
        "specifierOrURL": "cce:/internal/x/cc-fu/spine",
        "isExternal": true
      },
      {
        "specifierOrURL": "cce:/internal/x/cc-fu/dragon-bones",
        "isExternal": true
      }
    ]
  },
  "cce:/internal/x/prerequisite-imports": {
    "mTimestamp": 6522695.410292,
    "chunkId": "quick-pack:/cce/internal/x/prerequisite-imports.js",
    "imports": [
      {
        "value": "file:///Users/liuling/%E5%AD%A6%E4%B9%A0/cocos/shubankuanggong/assets/scripts/Edage.ts",
        "rewritten": "__unresolved_0",
        "loc": {
          "start": {
            "line": 5,
            "column": 35
          },
          "end": {
            "line": 5,
            "column": 123
          }
        }
      },
      {
        "value": "file:///Users/liuling/%E5%AD%A6%E4%B9%A0/cocos/shubankuanggong/assets/scripts/clickgame.ts",
        "rewritten": "__unresolved_1",
        "loc": {
          "start": {
            "line": 5,
            "column": 139
          },
          "end": {
            "line": 5,
            "column": 231
          }
        }
      },
      {
        "value": "file:///Users/liuling/%E5%AD%A6%E4%B9%A0/cocos/shubankuanggong/assets/scripts/gameoverf.ts",
        "rewritten": "__unresolved_2",
        "loc": {
          "start": {
            "line": 5,
            "column": 247
          },
          "end": {
            "line": 5,
            "column": 339
          }
        }
      },
      {
        "value": "file:///Users/liuling/%E5%AD%A6%E4%B9%A0/cocos/shubankuanggong/assets/scripts/gamety.ts",
        "rewritten": "__unresolved_3",
        "loc": {
          "start": {
            "line": 5,
            "column": 355
          },
          "end": {
            "line": 5,
            "column": 444
          }
        }
      },
      {
        "value": "file:///Users/liuling/%E5%AD%A6%E4%B9%A0/cocos/shubankuanggong/assets/scripts/goGame.ts",
        "rewritten": "__unresolved_4",
        "loc": {
          "start": {
            "line": 5,
            "column": 460
          },
          "end": {
            "line": 5,
            "column": 549
          }
        }
      },
      {
        "value": "file:///Users/liuling/%E5%AD%A6%E4%B9%A0/cocos/shubankuanggong/assets/scripts/hook.ts",
        "rewritten": "__unresolved_5",
        "loc": {
          "start": {
            "line": 5,
            "column": 565
          },
          "end": {
            "line": 5,
            "column": 652
          }
        }
      },
      {
        "value": "file:///Users/liuling/%E5%AD%A6%E4%B9%A0/cocos/shubankuanggong/assets/scripts/xuliezhen.ts",
        "rewritten": "__unresolved_6",
        "loc": {
          "start": {
            "line": 5,
            "column": 668
          },
          "end": {
            "line": 5,
            "column": 760
          }
        }
      }
    ],
    "modLoMetadata": {
      "type": "esm"
    },
    "resolvedImports": [
      {
        "isExternal": false,
        "url": "file:///Users/liuling/%E5%AD%A6%E4%B9%A0/cocos/shubankuanggong/assets/scripts/Edage.ts"
      },
      {
        "isExternal": false,
        "url": "file:///Users/liuling/%E5%AD%A6%E4%B9%A0/cocos/shubankuanggong/assets/scripts/clickgame.ts"
      },
      {
        "isExternal": false,
        "url": "file:///Users/liuling/%E5%AD%A6%E4%B9%A0/cocos/shubankuanggong/assets/scripts/gameoverf.ts"
      },
      {
        "isExternal": false,
        "url": "file:///Users/liuling/%E5%AD%A6%E4%B9%A0/cocos/shubankuanggong/assets/scripts/gamety.ts"
      },
      {
        "isExternal": false,
        "url": "file:///Users/liuling/%E5%AD%A6%E4%B9%A0/cocos/shubankuanggong/assets/scripts/goGame.ts"
      },
      {
        "isExternal": false,
        "url": "file:///Users/liuling/%E5%AD%A6%E4%B9%A0/cocos/shubankuanggong/assets/scripts/hook.ts"
      },
      {
        "isExternal": false,
        "url": "file:///Users/liuling/%E5%AD%A6%E4%B9%A0/cocos/shubankuanggong/assets/scripts/xuliezhen.ts"
      }
    ]
  },
  "file:///Users/liuling/%E5%AD%A6%E4%B9%A0/cocos/shubankuanggong/assets/scripts/goGame.ts": {
    "mTimestamp": {
      "mtime": 1650869306139.4187,
      "uuid": "32a1b4ee-3f31-487b-bde2-f424112c2a4f"
    },
    "chunkId": "assets/scripts/goGame.js",
    "imports": [
      {
        "value": "cc"
      },
      {
        "value": "cc",
        "loc": {
          "start": {
            "line": 2,
            "column": 61
          },
          "end": {
            "line": 2,
            "column": 65
          }
        }
      }
    ],
    "modLoMetadata": {
      "type": "esm"
    },
    "resolvedImports": [
      {
        "isExternal": false,
        "url": "cce:/internal/x/cc"
      },
      {
        "isExternal": false,
        "url": "cce:/internal/x/cc"
      }
    ]
  },
  "file:///Users/liuling/%E5%AD%A6%E4%B9%A0/cocos/shubankuanggong/assets/scripts/gamety.ts": {
    "mTimestamp": {
      "mtime": 1650869592296.6162,
      "uuid": "bc7bbcfe-f8f9-40dc-b3f7-23f38a9565e8"
    },
    "chunkId": "assets/scripts/gamety.js",
    "imports": [
      {
        "value": "cc"
      },
      {
        "value": "cc",
        "loc": {
          "start": {
            "line": 2,
            "column": 44
          },
          "end": {
            "line": 2,
            "column": 48
          }
        }
      }
    ],
    "modLoMetadata": {
      "type": "esm"
    },
    "resolvedImports": [
      {
        "isExternal": false,
        "url": "cce:/internal/x/cc"
      },
      {
        "isExternal": false,
        "url": "cce:/internal/x/cc"
      }
    ]
  },
  "file:///Users/liuling/%E5%AD%A6%E4%B9%A0/cocos/shubankuanggong/assets/scripts/click.ts": {
    "mTimestamp": {
      "mtime": 1650869805387.534,
      "uuid": "924ab333-9daa-4d0b-b25a-a770413ed362"
    },
    "chunkId": "assets/scripts/click.js",
    "imports": [
      {
        "value": "cc"
      },
      {
        "value": "cc",
        "loc": {
          "start": {
            "line": 2,
            "column": 44
          },
          "end": {
            "line": 2,
            "column": 48
          }
        }
      }
    ],
    "modLoMetadata": {
      "type": "esm"
    },
    "resolvedImports": [
      {
        "isExternal": false,
        "url": "cce:/internal/x/cc"
      },
      {
        "isExternal": false,
        "url": "cce:/internal/x/cc"
      }
    ]
  },
  "file:///Users/liuling/%E5%AD%A6%E4%B9%A0/cocos/shubankuanggong/assets/scripts/clickgame.ts": {
    "mTimestamp": {
      "mtime": 1650871036561.1875,
      "uuid": "919e7e3d-33a9-4cc6-baa2-67261ea79b24"
    },
    "chunkId": "assets/scripts/clickgame.js",
    "imports": [
      {
        "value": "cce:/internal/code-quality/cr.mjs",
        "rewritten": "__unresolved_0"
      },
      {
        "value": "cc"
      },
      {
        "value": "cc",
        "loc": {
          "start": {
            "line": 2,
            "column": 44
          },
          "end": {
            "line": 2,
            "column": 48
          }
        }
      },
      {
        "value": "./hook",
        "rewritten": "__unresolved_1",
        "loc": {
          "start": {
            "line": 3,
            "column": 21
          },
          "end": {
            "line": 3,
            "column": 29
          }
        }
      }
    ],
    "modLoMetadata": {
      "type": "esm"
    },
    "resolvedImports": [
      {
        "isExternal": false,
        "url": "cce:/internal/code-quality/cr.mjs"
      },
      {
        "isExternal": false,
        "url": "cce:/internal/x/cc"
      },
      {
        "isExternal": false,
        "url": "cce:/internal/x/cc"
      },
      {
        "isExternal": false,
        "url": "file:///Users/liuling/%E5%AD%A6%E4%B9%A0/cocos/shubankuanggong/assets/scripts/hook.ts"
      }
    ]
  },
  "file:///Users/liuling/%E5%AD%A6%E4%B9%A0/cocos/shubankuanggong/assets/scripts/hook.ts": {
    "mTimestamp": {
      "mtime": 1651144062984.7065,
      "uuid": "cbd49f01-24f8-478d-b804-e48ac7301afb"
    },
    "chunkId": "assets/scripts/hook.js",
    "imports": [
      {
        "value": "cc"
      },
      {
        "value": "cc",
        "loc": {
          "start": {
            "line": 2,
            "column": 103
          },
          "end": {
            "line": 2,
            "column": 107
          }
        }
      }
    ],
    "modLoMetadata": {
      "type": "esm"
    },
    "resolvedImports": [
      {
        "isExternal": false,
        "url": "cce:/internal/x/cc"
      },
      {
        "isExternal": false,
        "url": "cce:/internal/x/cc"
      }
    ]
  },
  "cce:/internal/code-quality/cr.mjs": {
    "mTimestamp": 1652170162736,
    "chunkId": "quick-pack:/cce/internal/code-quality/cr.js",
    "imports": [],
    "modLoMetadata": {
      "type": "esm"
    },
    "resolvedImports": []
  },
  "file:///Users/liuling/%E5%AD%A6%E4%B9%A0/cocos/shubankuanggong/assets/scripts/Edage.ts": {
    "mTimestamp": {
      "mtime": 1650879350787.395,
      "uuid": "d548ec48-f038-411a-bcc7-78dcb2406211"
    },
    "chunkId": "assets/scripts/Edage.js",
    "imports": [
      {
        "value": "cce:/internal/code-quality/cr.mjs",
        "rewritten": "__unresolved_0"
      },
      {
        "value": "cc"
      },
      {
        "value": "cc",
        "loc": {
          "start": {
            "line": 2,
            "column": 123
          },
          "end": {
            "line": 2,
            "column": 127
          }
        }
      },
      {
        "value": "./hook",
        "rewritten": "__unresolved_1",
        "loc": {
          "start": {
            "line": 3,
            "column": 21
          },
          "end": {
            "line": 3,
            "column": 29
          }
        }
      }
    ],
    "modLoMetadata": {
      "type": "esm"
    },
    "resolvedImports": [
      {
        "isExternal": false,
        "url": "cce:/internal/code-quality/cr.mjs"
      },
      {
        "isExternal": false,
        "url": "cce:/internal/x/cc"
      },
      {
        "isExternal": false,
        "url": "cce:/internal/x/cc"
      },
      {
        "isExternal": false,
        "url": "file:///Users/liuling/%E5%AD%A6%E4%B9%A0/cocos/shubankuanggong/assets/scripts/hook.ts"
      }
    ]
  },
  "file:///Users/liuling/%E5%AD%A6%E4%B9%A0/cocos/shubankuanggong/assets/scripts/gameoverf.ts": {
    "mTimestamp": {
      "mtime": 1651143616015.7625,
      "uuid": "ff1edc09-c329-4f32-8400-abca1997b934"
    },
    "chunkId": "assets/scripts/gameoverf.js",
    "imports": [
      {
        "value": "cc"
      },
      {
        "value": "cc",
        "loc": {
          "start": {
            "line": 2,
            "column": 44
          },
          "end": {
            "line": 2,
            "column": 48
          }
        }
      }
    ],
    "modLoMetadata": {
      "type": "esm"
    },
    "resolvedImports": [
      {
        "isExternal": false,
        "url": "cce:/internal/x/cc"
      },
      {
        "isExternal": false,
        "url": "cce:/internal/x/cc"
      }
    ]
  },
  "file:///Users/liuling/%E5%AD%A6%E4%B9%A0/cocos/shubankuanggong/assets/scripts/xuliezhen.ts": {
    "mTimestamp": {
      "mtime": 1652176018443.776,
      "uuid": "ffc7f70f-93c1-4426-9c9d-ac46827a112c"
    },
    "chunkId": "assets/scripts/xuliezhen.js",
    "imports": [
      {
        "value": "cc"
      },
      {
        "value": "cc",
        "loc": {
          "start": {
            "line": 2,
            "column": 54
          },
          "end": {
            "line": 2,
            "column": 58
          }
        }
      }
    ],
    "modLoMetadata": {
      "type": "esm"
    },
    "resolvedImports": [
      {
        "isExternal": false,
        "url": "cce:/internal/x/cc"
      },
      {
        "isExternal": false,
        "url": "cce:/internal/x/cc"
      }
    ]
  }
}
