[
    1,
    [
        "72aMCkqYNEhqyeHuh/SWnX@6c48a"
    ],
    [
        "_textureSource"
    ],
    [
        "cc.SpriteFrame"
    ],
    0,
    [
        {
            "name": "fruit_9",
            "rect": {
                "x": 0,
                "y": 0,
                "width": 308,
                "height": 308
            },
            "offset": {
                "x": 0,
                "y": 0
            },
            "originalSize": {
                "width": 308,
                "height": 308
            },
            "rotated": false,
            "capInsets": [
                0,
                0,
                0,
                0
            ],
            "packable": true
        }
    ],
    [
        0
    ],
    0,
    [
        0
    ],
    [
        0
    ],
    [
        0
    ]
]
