{
  "f46876e4-e81b-4931-b493-6d367be385e7": {
    "assetUuid": "f46876e4-e81b-4931-b493-6d367be385e7",
    "animationUuid": "",
    "expandLevels": [
      "0"
    ]
  },
  "4fef6bbe-24f6-464f-ba6a-23ce14a2cc41": {
    "assetUuid": "4fef6bbe-24f6-464f-ba6a-23ce14a2cc41",
    "animationUuid": "",
    "expandLevels": [
      "0",
      "0_0"
    ]
  },
  "15e9d1d8-3987-4c14-bbec-add1eb68f4b1": {
    "assetUuid": "15e9d1d8-3987-4c14-bbec-add1eb68f4b1",
    "animationUuid": "",
    "expandLevels": [
      "0",
      "0_0",
      "0_0_1",
      "0_0_2",
      "0_0_3",
      "0_0_3_0",
      "0_0_3_1",
      "0_0_4",
      "0_0_6"
    ]
  },
  "b4179b51-7511-4422-a3df-90c1da5e2ee6": {
    "assetUuid": "b4179b51-7511-4422-a3df-90c1da5e2ee6",
    "animationUuid": "",
    "expandLevels": [
      "0"
    ]
  }
}
