[
    1,
    [
        "7dj5uJT9FMn6OrOOx83tfK@6c48a"
    ],
    [
        "_textureSource"
    ],
    [
        "cc.SpriteFrame"
    ],
    0,
    [
        {
            "name": "default_sprite_splash",
            "rect": {
                "x": 0,
                "y": 0,
                "width": 2,
                "height": 2
            },
            "offset": {
                "x": 0,
                "y": 0
            },
            "originalSize": {
                "width": 2,
                "height": 2
            },
            "rotated": false,
            "capInsets": [
                0,
                0,
                0,
                0
            ],
            "packable": true
        }
    ],
    [
        0
    ],
    0,
    [
        0
    ],
    [
        0
    ],
    [
        0
    ]
]
