[
    1,
    [
        "d8xGeI471D7od3kVly2yLw@6c48a"
    ],
    [
        "_textureSource"
    ],
    [
        "cc.SpriteFrame"
    ],
    0,
    [
        {
            "name": "juice_q_1",
            "rect": {
                "x": 1,
                "y": 0,
                "width": 318,
                "height": 292
            },
            "offset": {
                "x": 0.5,
                "y": 0
            },
            "originalSize": {
                "width": 319,
                "height": 292
            },
            "rotated": false,
            "capInsets": [
                0,
                0,
                0,
                0
            ],
            "packable": true
        }
    ],
    [
        0
    ],
    0,
    [
        0
    ],
    [
        0
    ],
    [
        0
    ]
]
