{
  "log": {
    "level": 4
  },
  "common": {
    "outputName": "web-mobile",
    "mainBundleCompressionType": "merge_dep",
    "platform": "web-mobile",
    "experimentalEraseModules": false
  },
  "BuildTaskManager": {
    "taskMap": {
      "1651144230420": {
        "id": "1651144230420",
        "progress": 1,
        "state": "success",
        "message": "2022-4-28 19:10 Build success in 14880 ms!",
        "options": {
          "name": "shubankuanggong",
          "platform": "web-mobile",
          "buildPath": "project://build",
          "debug": false,
          "md5Cache": false,
          "sourceMaps": false,
          "replaceSplashScreen": false,
          "mainBundleCompressionType": "merge_dep",
          "mainBundleIsRemote": false,
          "mergeStartScene": false,
          "experimentalEraseModules": false,
          "compressTexture": true,
          "packAutoAtlas": true,
          "startScene": "3a9dd2f8-d199-4f9d-99b1-087c074a2237",
          "scenes": [
            {
              "url": "db://assets/scene/game.scene",
              "uuid": "3a9dd2f8-d199-4f9d-99b1-087c074a2237",
              "inBundle": false
            },
            {
              "url": "db://assets/scene/home.scene",
              "uuid": "f95002a7-a510-4c45-85c1-b577f516137c",
              "inBundle": false
            }
          ],
          "outputName": "web-mobile",
          "packages": {
            "web-mobile": {
              "orientation": "auto",
              "polyfills": {
                "asyncFunctions": true
              }
            },
            "cocos-service": {
              "configID": "ab468b",
              "services": [
                {
                  "service_id": "235",
                  "service_component_name": "service-analytics",
                  "builder": "/Users/liuling/.CocosCreator/.service/analytics/builder/builder.js",
                  "enable": false,
                  "params": {
                    "app_id": "608586404",
                    "store_id": "H5"
                  }
                }
              ]
            }
          }
        },
        "time": "2022-4-28 19:10",
        "dirty": false
      }
    }
  }
}
