{
  "options": {
    "web-mobile": {
      "configID": "ab468b",
      "services": [
        {
          "service_id": "235",
          "service_component_name": "service-analytics",
          "builder": "/Users/liuling/.CocosCreator/.service/analytics/builder/builder.js",
          "enable": false,
          "params": {
            "app_id": "608586404",
            "store_id": "H5"
          }
        }
      ]
    }
  },
  "builder-options": {
    "configID": "ab468b",
    "services": [
      {
        "service_id": "235",
        "service_component_name": "service-analytics",
        "builder": "/Users/liuling/.CocosCreator/.service/analytics/builder/builder.js",
        "enable": false,
        "params": {
          "app_id": "608586404",
          "store_id": "H5"
        }
      }
    ]
  }
}
