[
    1,
    [
        "24pwTaKGdEbY0aXpIMdeCd@6c48a"
    ],
    [
        "_textureSource"
    ],
    [
        "cc.SpriteFrame"
    ],
    0,
    [
        {
            "name": "default_progressbar",
            "rect": {
                "x": 0,
                "y": 0,
                "width": 30,
                "height": 15
            },
            "offset": {
                "x": 0,
                "y": 0
            },
            "originalSize": {
                "width": 30,
                "height": 15
            },
            "rotated": false,
            "capInsets": [
                10,
                4,
                10,
                4
            ],
            "packable": true
        }
    ],
    [
        0
    ],
    0,
    [
        0
    ],
    [
        0
    ],
    [
        0
    ]
]
