{
  "log": {
    "level": 4
  },
  "common": {
    "outputName": "web-mobile",
    "mainBundleCompressionType": "merge_dep",
    "platform": "web-mobile"
  },
  "BuildTaskManager": {
    "taskMap": {
      "1654135313084": {
        "id": "1654135313084",
        "progress": 1,
        "state": "success",
        "message": "2022-6-2 10:23 Build success in 20951 ms!",
        "options": {
          "name": "feijidazhan4",
          "platform": "web-mobile",
          "buildPath": "project://build",
          "debug": false,
          "md5Cache": false,
          "sourceMaps": false,
          "replaceSplashScreen": false,
          "mainBundleCompressionType": "merge_dep",
          "mainBundleIsRemote": false,
          "mergeStartScene": false,
          "experimentalEraseModules": false,
          "compressTexture": true,
          "packAutoAtlas": true,
          "startScene": "999658bc-36f2-40aa-9141-fdba7b3f2eeb",
          "scenes": [
            {
              "url": "db://assets/scene/game.scene",
              "uuid": "999658bc-36f2-40aa-9141-fdba7b3f2eeb",
              "inBundle": false
            }
          ],
          "outputName": "web-mobile",
          "packages": {
            "web-mobile": {
              "orientation": "auto",
              "polyfills": {
                "asyncFunctions": true
              }
            },
            "cocos-service": {}
          }
        },
        "time": "2022-6-2 10:23",
        "dirty": false
      }
    }
  }
}
