{
  "gizmos-infos": {
    "is2D": false,
    "is3DIcon": false,
    "iconSize": 2,
    "gridVisible": true,
    "gridColor": [
      150,
      150,
      150,
      255
    ],
    "isIconGizmo3D": false,
    "iconGizmoSize": 2,
    "isGridVisible": true
  },
  "float-window": {
    "position": {
      "cc": {
        "Camera": {
          "dock": false,
          "top": null,
          "bottom": 10,
          "left": null,
          "right": 10
        }
      }
    }
  },
  "camera": {
    "fov": 48,
    "far": 10000,
    "near": 0.01,
    "color": [
      48,
      48,
      48,
      255
    ],
    "wheelSpeed": 0.02,
    "wanderSpeed": 100,
    "enableAcceleration": false,
    "far2D": 10000,
    "near2D": 1,
    "wheelSpeed2D": 6
  },
  "camera-infos": {
    "f46876e4-e81b-4931-b493-6d367be385e7": {
      "position": {
        "x": 10.093558342401117,
        "y": 42.29194109540319,
        "z": -6.867323457076706
      },
      "rotation": {
        "x": -0.7332062830918973,
        "y": -0.010494661468235977,
        "z": -0.011318623024854892,
        "w": 0.679831079948471
      },
      "viewCenter": {
        "x": 10.023701033713733,
        "y": 12.377428832945387,
        "z": -4.605227967275246
      }
    },
    "999658bc-36f2-40aa-9141-fdba7b3f2eeb": {
      "position": {
        "x": 20.530551086580562,
        "y": 32.28125792043068,
        "z": 4.6519626971061445
      },
      "rotation": {
        "x": -0.22941837453817027,
        "y": 0.652734423986517,
        "z": 0.21750938270225795,
        "w": 0.6884726934335651
      },
      "viewCenter": {
        "x": -8.97781334003102,
        "y": 10.127288440988,
        "z": 3.0782651276084483
      }
    }
  },
  "camera-uuids": [
    "999658bc-36f2-40aa-9141-fdba7b3f2eeb"
  ]
}
