[
    1,
    [
        "2bfOfsL95N5pFHumAvaGeS@6c48a"
    ],
    [
        "_textureSource"
    ],
    [
        "cc.SpriteFrame"
    ],
    0,
    [
        {
            "name": "level_1_main",
            "rect": {
                "x": 0,
                "y": 0,
                "width": 1080,
                "height": 1753
            },
            "offset": {
                "x": 0,
                "y": 0
            },
            "originalSize": {
                "width": 1080,
                "height": 1753
            },
            "rotated": false,
            "capInsets": [
                0,
                0,
                0,
                0
            ],
            "packable": true
        }
    ],
    [
        0
    ],
    0,
    [
        0
    ],
    [
        0
    ],
    [
        0
    ]
]
