[
    1,
    [
        "b7DYZmY/hLJ5QJCF1n5l5a@f9941"
    ],
    [
        "spriteFrame"
    ],
    [
        [
            "cc.BitmapFont",
            [
                "_name",
                "fontSize",
                "fntConfig"
            ],
            0
        ]
    ],
    [
        [
            0,
            0,
            1,
            2,
            4
        ]
    ],
    [
        [
            0,
            "myFont",
            64,
            {
                "commonHeight": 73,
                "fontSize": 64,
                "atlasName": "myFont.png",
                "fontDefDictionary": {
                    "32": {
                        "xOffset": 0,
                        "yOffset": 65,
                        "xAdvance": 21,
                        "rect": {
                            "x": 302,
                            "y": 519,
                            "width": 0,
                            "height": 0
                        }
                    },
                    "33": {
                        "xOffset": 6,
                        "yOffset": 11,
                        "xAdvance": 21,
                        "rect": {
                            "x": 199,
                            "y": 365,
                            "width": 17,
                            "height": 54
                        }
                    },
                    "34": {
                        "xOffset": 3,
                        "yOffset": 2,
                        "xAdvance": 22,
                        "rect": {
                            "x": 83,
                            "y": 519,
                            "width": 24,
                            "height": 24
                        }
                    },
                    "35": {
                        "xOffset": 3,
                        "yOffset": 9,
                        "xAdvance": 42,
                        "rect": {
                            "x": 347,
                            "y": 251,
                            "width": 45,
                            "height": 55
                        }
                    },
                    "36": {
                        "xOffset": 3,
                        "yOffset": 3,
                        "xAdvance": 39,
                        "rect": {
                            "x": 249,
                            "y": 2,
                            "width": 42,
                            "height": 67
                        }
                    },
                    "37": {
                        "xOffset": 3,
                        "yOffset": 8,
                        "xAdvance": 56,
                        "rect": {
                            "x": 2,
                            "y": 77,
                            "width": 60,
                            "height": 57
                        }
                    },
                    "38": {
                        "xOffset": 3,
                        "yOffset": 8,
                        "xAdvance": 46,
                        "rect": {
                            "x": 116,
                            "y": 77,
                            "width": 49,
                            "height": 57
                        }
                    },
                    "39": {
                        "xOffset": 3,
                        "yOffset": 1,
                        "xAdvance": 19,
                        "rect": {
                            "x": 41,
                            "y": 519,
                            "width": 21,
                            "height": 25
                        }
                    },
                    "40": {
                        "xOffset": 2,
                        "yOffset": 2,
                        "xAdvance": 21,
                        "rect": {
                            "x": 17,
                            "y": 2,
                            "width": 25,
                            "height": 72
                        }
                    },
                    "41": {
                        "xOffset": 2,
                        "yOffset": 2,
                        "xAdvance": 21,
                        "rect": {
                            "x": 44,
                            "y": 2,
                            "width": 25,
                            "height": 72
                        }
                    },
                    "42": {
                        "xOffset": 3,
                        "yOffset": 16,
                        "xAdvance": 42,
                        "rect": {
                            "x": 144,
                            "y": 422,
                            "width": 45,
                            "height": 44
                        }
                    },
                    "43": {
                        "xOffset": 3,
                        "yOffset": 13,
                        "xAdvance": 46,
                        "rect": {
                            "x": 74,
                            "y": 422,
                            "width": 49,
                            "height": 49
                        }
                    },
                    "44": {
                        "xOffset": 7,
                        "yOffset": 49,
                        "xAdvance": 23,
                        "rect": {
                            "x": 64,
                            "y": 519,
                            "width": 17,
                            "height": 25
                        }
                    },
                    "45": {
                        "xOffset": 3,
                        "yOffset": 31,
                        "xAdvance": 21,
                        "rect": {
                            "x": 275,
                            "y": 519,
                            "width": 25,
                            "height": 13
                        }
                    },
                    "46": {
                        "xOffset": 7,
                        "yOffset": 48,
                        "xAdvance": 23,
                        "rect": {
                            "x": 213,
                            "y": 519,
                            "width": 17,
                            "height": 17
                        }
                    },
                    "47": {
                        "xOffset": 1,
                        "yOffset": 3,
                        "xAdvance": 30,
                        "rect": {
                            "x": 171,
                            "y": 2,
                            "width": 37,
                            "height": 69
                        }
                    },
                    "48": {
                        "xOffset": 4,
                        "yOffset": 8,
                        "xAdvance": 42,
                        "rect": {
                            "x": 306,
                            "y": 77,
                            "width": 41,
                            "height": 57
                        }
                    },
                    "49": {
                        "xOffset": 10,
                        "yOffset": 9,
                        "xAdvance": 42,
                        "rect": {
                            "x": 2,
                            "y": 365,
                            "width": 24,
                            "height": 55
                        }
                    },
                    "50": {
                        "xOffset": 5,
                        "yOffset": 8,
                        "xAdvance": 42,
                        "rect": {
                            "x": 238,
                            "y": 136,
                            "width": 41,
                            "height": 56
                        }
                    },
                    "51": {
                        "xOffset": 4,
                        "yOffset": 8,
                        "xAdvance": 42,
                        "rect": {
                            "x": 349,
                            "y": 77,
                            "width": 41,
                            "height": 57
                        }
                    },
                    "52": {
                        "xOffset": 4,
                        "yOffset": 9,
                        "xAdvance": 42,
                        "rect": {
                            "x": 185,
                            "y": 308,
                            "width": 42,
                            "height": 55
                        }
                    },
                    "53": {
                        "xOffset": 5,
                        "yOffset": 9,
                        "xAdvance": 42,
                        "rect": {
                            "x": 281,
                            "y": 136,
                            "width": 41,
                            "height": 56
                        }
                    },
                    "54": {
                        "xOffset": 4,
                        "yOffset": 8,
                        "xAdvance": 42,
                        "rect": {
                            "x": 218,
                            "y": 77,
                            "width": 42,
                            "height": 57
                        }
                    },
                    "55": {
                        "xOffset": 5,
                        "yOffset": 9,
                        "xAdvance": 42,
                        "rect": {
                            "x": 229,
                            "y": 308,
                            "width": 41,
                            "height": 55
                        }
                    },
                    "56": {
                        "xOffset": 4,
                        "yOffset": 9,
                        "xAdvance": 42,
                        "rect": {
                            "x": 150,
                            "y": 136,
                            "width": 42,
                            "height": 56
                        }
                    },
                    "57": {
                        "xOffset": 4,
                        "yOffset": 8,
                        "xAdvance": 42,
                        "rect": {
                            "x": 262,
                            "y": 77,
                            "width": 42,
                            "height": 57
                        }
                    },
                    "58": {
                        "xOffset": 7,
                        "yOffset": 28,
                        "xAdvance": 23,
                        "rect": {
                            "x": 361,
                            "y": 475,
                            "width": 17,
                            "height": 37
                        }
                    },
                    "59": {
                        "xOffset": 7,
                        "yOffset": 28,
                        "xAdvance": 23,
                        "rect": {
                            "x": 125,
                            "y": 422,
                            "width": 17,
                            "height": 46
                        }
                    },
                    "60": {
                        "xOffset": 8,
                        "yOffset": 10,
                        "xAdvance": 46,
                        "rect": {
                            "x": 79,
                            "y": 365,
                            "width": 39,
                            "height": 54
                        }
                    },
                    "61": {
                        "xOffset": 9,
                        "yOffset": 24,
                        "xAdvance": 46,
                        "rect": {
                            "x": 2,
                            "y": 519,
                            "width": 37,
                            "height": 27
                        }
                    },
                    "62": {
                        "xOffset": 8,
                        "yOffset": 10,
                        "xAdvance": 46,
                        "rect": {
                            "x": 120,
                            "y": 365,
                            "width": 39,
                            "height": 54
                        }
                    },
                    "63": {
                        "xOffset": 3,
                        "yOffset": 11,
                        "xAdvance": 34,
                        "rect": {
                            "x": 161,
                            "y": 365,
                            "width": 36,
                            "height": 54
                        }
                    },
                    "64": {
                        "xOffset": 3,
                        "yOffset": 11,
                        "xAdvance": 53,
                        "rect": {
                            "x": 218,
                            "y": 365,
                            "width": 56,
                            "height": 53
                        }
                    },
                    "65": {
                        "xOffset": 1,
                        "yOffset": 9,
                        "xAdvance": 47,
                        "rect": {
                            "x": 128,
                            "y": 194,
                            "width": 54,
                            "height": 55
                        }
                    },
                    "66": {
                        "xOffset": 3,
                        "yOffset": 9,
                        "xAdvance": 43,
                        "rect": {
                            "x": 203,
                            "y": 251,
                            "width": 46,
                            "height": 55
                        }
                    },
                    "67": {
                        "xOffset": 3,
                        "yOffset": 8,
                        "xAdvance": 47,
                        "rect": {
                            "x": 167,
                            "y": 77,
                            "width": 49,
                            "height": 57
                        }
                    },
                    "68": {
                        "xOffset": 3,
                        "yOffset": 10,
                        "xAdvance": 47,
                        "rect": {
                            "x": 2,
                            "y": 251,
                            "width": 49,
                            "height": 55
                        }
                    },
                    "69": {
                        "xOffset": 3,
                        "yOffset": 9,
                        "xAdvance": 40,
                        "rect": {
                            "x": 95,
                            "y": 308,
                            "width": 43,
                            "height": 55
                        }
                    },
                    "70": {
                        "xOffset": 3,
                        "yOffset": 9,
                        "xAdvance": 40,
                        "rect": {
                            "x": 140,
                            "y": 308,
                            "width": 43,
                            "height": 55
                        }
                    },
                    "71": {
                        "xOffset": 3,
                        "yOffset": 8,
                        "xAdvance": 47,
                        "rect": {
                            "x": 64,
                            "y": 77,
                            "width": 50,
                            "height": 57
                        }
                    },
                    "72": {
                        "xOffset": 3,
                        "yOffset": 9,
                        "xAdvance": 45,
                        "rect": {
                            "x": 154,
                            "y": 251,
                            "width": 47,
                            "height": 55
                        }
                    },
                    "73": {
                        "xOffset": 5,
                        "yOffset": 9,
                        "xAdvance": 17,
                        "rect": {
                            "x": 28,
                            "y": 365,
                            "width": 15,
                            "height": 55
                        }
                    },
                    "74": {
                        "xOffset": 1,
                        "yOffset": 9,
                        "xAdvance": 38,
                        "rect": {
                            "x": 194,
                            "y": 136,
                            "width": 42,
                            "height": 56
                        }
                    },
                    "75": {
                        "xOffset": 3,
                        "yOffset": 9,
                        "xAdvance": 47,
                        "rect": {
                            "x": 293,
                            "y": 194,
                            "width": 51,
                            "height": 55
                        }
                    },
                    "76": {
                        "xOffset": 3,
                        "yOffset": 9,
                        "xAdvance": 44,
                        "rect": {
                            "x": 251,
                            "y": 251,
                            "width": 46,
                            "height": 55
                        }
                    },
                    "77": {
                        "xOffset": 3,
                        "yOffset": 9,
                        "xAdvance": 54,
                        "rect": {
                            "x": 70,
                            "y": 194,
                            "width": 56,
                            "height": 55
                        }
                    },
                    "78": {
                        "xOffset": 3,
                        "yOffset": 9,
                        "xAdvance": 46,
                        "rect": {
                            "x": 104,
                            "y": 251,
                            "width": 48,
                            "height": 55
                        }
                    },
                    "79": {
                        "xOffset": 3,
                        "yOffset": 9,
                        "xAdvance": 48,
                        "rect": {
                            "x": 2,
                            "y": 136,
                            "width": 50,
                            "height": 56
                        }
                    },
                    "80": {
                        "xOffset": 3,
                        "yOffset": 9,
                        "xAdvance": 43,
                        "rect": {
                            "x": 2,
                            "y": 308,
                            "width": 45,
                            "height": 55
                        }
                    },
                    "81": {
                        "xOffset": 3,
                        "yOffset": 8,
                        "xAdvance": 48,
                        "rect": {
                            "x": 319,
                            "y": 2,
                            "width": 53,
                            "height": 59
                        }
                    },
                    "82": {
                        "xOffset": 3,
                        "yOffset": 9,
                        "xAdvance": 42,
                        "rect": {
                            "x": 299,
                            "y": 251,
                            "width": 46,
                            "height": 55
                        }
                    },
                    "83": {
                        "xOffset": 3,
                        "yOffset": 9,
                        "xAdvance": 43,
                        "rect": {
                            "x": 103,
                            "y": 136,
                            "width": 45,
                            "height": 56
                        }
                    },
                    "84": {
                        "xOffset": 1,
                        "yOffset": 9,
                        "xAdvance": 42,
                        "rect": {
                            "x": 53,
                            "y": 251,
                            "width": 49,
                            "height": 55
                        }
                    },
                    "85": {
                        "xOffset": 3,
                        "yOffset": 9,
                        "xAdvance": 45,
                        "rect": {
                            "x": 54,
                            "y": 136,
                            "width": 47,
                            "height": 56
                        }
                    },
                    "86": {
                        "xOffset": 1,
                        "yOffset": 9,
                        "xAdvance": 44,
                        "rect": {
                            "x": 346,
                            "y": 194,
                            "width": 51,
                            "height": 55
                        }
                    },
                    "87": {
                        "xOffset": 1,
                        "yOffset": 9,
                        "xAdvance": 60,
                        "rect": {
                            "x": 2,
                            "y": 194,
                            "width": 66,
                            "height": 55
                        }
                    },
                    "88": {
                        "xOffset": 1,
                        "yOffset": 9,
                        "xAdvance": 47,
                        "rect": {
                            "x": 184,
                            "y": 194,
                            "width": 53,
                            "height": 55
                        }
                    },
                    "89": {
                        "xOffset": 1,
                        "yOffset": 9,
                        "xAdvance": 46,
                        "rect": {
                            "x": 239,
                            "y": 194,
                            "width": 52,
                            "height": 55
                        }
                    },
                    "90": {
                        "xOffset": 3,
                        "yOffset": 9,
                        "xAdvance": 42,
                        "rect": {
                            "x": 49,
                            "y": 308,
                            "width": 44,
                            "height": 55
                        }
                    },
                    "91": {
                        "xOffset": 3,
                        "yOffset": 2,
                        "xAdvance": 21,
                        "rect": {
                            "x": 71,
                            "y": 2,
                            "width": 23,
                            "height": 72
                        }
                    },
                    "92": {
                        "xOffset": 1,
                        "yOffset": 3,
                        "xAdvance": 30,
                        "rect": {
                            "x": 210,
                            "y": 2,
                            "width": 37,
                            "height": 69
                        }
                    },
                    "93": {
                        "xOffset": 3,
                        "yOffset": 2,
                        "xAdvance": 21,
                        "rect": {
                            "x": 96,
                            "y": 2,
                            "width": 23,
                            "height": 72
                        }
                    },
                    "94": {
                        "xOffset": 2,
                        "yOffset": 1,
                        "xAdvance": 27,
                        "rect": {
                            "x": 178,
                            "y": 519,
                            "width": 33,
                            "height": 19
                        }
                    },
                    "95": {
                        "xOffset": 0,
                        "yOffset": 61,
                        "xAdvance": 32,
                        "rect": {
                            "x": 232,
                            "y": 519,
                            "width": 41,
                            "height": 13
                        }
                    },
                    "96": {
                        "xOffset": 2,
                        "yOffset": 1,
                        "xAdvance": 21,
                        "rect": {
                            "x": 151,
                            "y": 519,
                            "width": 25,
                            "height": 20
                        }
                    },
                    "97": {
                        "xOffset": 2,
                        "yOffset": 22,
                        "xAdvance": 34,
                        "rect": {
                            "x": 235,
                            "y": 422,
                            "width": 38,
                            "height": 43
                        }
                    },
                    "98": {
                        "xOffset": 4,
                        "yOffset": 9,
                        "xAdvance": 38,
                        "rect": {
                            "x": 324,
                            "y": 136,
                            "width": 41,
                            "height": 56
                        }
                    },
                    "99": {
                        "xOffset": 2,
                        "yOffset": 22,
                        "xAdvance": 34,
                        "rect": {
                            "x": 275,
                            "y": 422,
                            "width": 38,
                            "height": 43
                        }
                    },
                    "100": {
                        "xOffset": 2,
                        "yOffset": 9,
                        "xAdvance": 38,
                        "rect": {
                            "x": 367,
                            "y": 136,
                            "width": 41,
                            "height": 56
                        }
                    },
                    "101": {
                        "xOffset": 2,
                        "yOffset": 22,
                        "xAdvance": 34,
                        "rect": {
                            "x": 315,
                            "y": 422,
                            "width": 38,
                            "height": 43
                        }
                    },
                    "102": {
                        "xOffset": 1,
                        "yOffset": 9,
                        "xAdvance": 25,
                        "rect": {
                            "x": 353,
                            "y": 308,
                            "width": 31,
                            "height": 55
                        }
                    },
                    "103": {
                        "xOffset": 2,
                        "yOffset": 22,
                        "xAdvance": 36,
                        "rect": {
                            "x": 362,
                            "y": 365,
                            "width": 39,
                            "height": 52
                        }
                    },
                    "104": {
                        "xOffset": 3,
                        "yOffset": 9,
                        "xAdvance": 37,
                        "rect": {
                            "x": 272,
                            "y": 308,
                            "width": 39,
                            "height": 55
                        }
                    },
                    "105": {
                        "xOffset": 4,
                        "yOffset": 9,
                        "xAdvance": 15,
                        "rect": {
                            "x": 45,
                            "y": 365,
                            "width": 15,
                            "height": 55
                        }
                    },
                    "106": {
                        "xOffset": 1,
                        "yOffset": 9,
                        "xAdvance": 21,
                        "rect": {
                            "x": 293,
                            "y": 2,
                            "width": 24,
                            "height": 65
                        }
                    },
                    "107": {
                        "xOffset": 4,
                        "yOffset": 9,
                        "xAdvance": 34,
                        "rect": {
                            "x": 313,
                            "y": 308,
                            "width": 38,
                            "height": 55
                        }
                    },
                    "108": {
                        "xOffset": 4,
                        "yOffset": 9,
                        "xAdvance": 15,
                        "rect": {
                            "x": 62,
                            "y": 365,
                            "width": 15,
                            "height": 55
                        }
                    },
                    "109": {
                        "xOffset": 4,
                        "yOffset": 22,
                        "xAdvance": 55,
                        "rect": {
                            "x": 65,
                            "y": 475,
                            "width": 56,
                            "height": 42
                        }
                    },
                    "110": {
                        "xOffset": 4,
                        "yOffset": 22,
                        "xAdvance": 37,
                        "rect": {
                            "x": 167,
                            "y": 475,
                            "width": 39,
                            "height": 42
                        }
                    },
                    "111": {
                        "xOffset": 2,
                        "yOffset": 22,
                        "xAdvance": 38,
                        "rect": {
                            "x": 191,
                            "y": 422,
                            "width": 42,
                            "height": 43
                        }
                    },
                    "112": {
                        "xOffset": 4,
                        "yOffset": 22,
                        "xAdvance": 38,
                        "rect": {
                            "x": 276,
                            "y": 365,
                            "width": 41,
                            "height": 52
                        }
                    },
                    "113": {
                        "xOffset": 2,
                        "yOffset": 22,
                        "xAdvance": 38,
                        "rect": {
                            "x": 319,
                            "y": 365,
                            "width": 41,
                            "height": 52
                        }
                    },
                    "114": {
                        "xOffset": 4,
                        "yOffset": 22,
                        "xAdvance": 23,
                        "rect": {
                            "x": 285,
                            "y": 475,
                            "width": 27,
                            "height": 42
                        }
                    },
                    "115": {
                        "xOffset": 2,
                        "yOffset": 22,
                        "xAdvance": 33,
                        "rect": {
                            "x": 355,
                            "y": 422,
                            "width": 37,
                            "height": 43
                        }
                    },
                    "116": {
                        "xOffset": 2,
                        "yOffset": 14,
                        "xAdvance": 25,
                        "rect": {
                            "x": 43,
                            "y": 422,
                            "width": 29,
                            "height": 51
                        }
                    },
                    "117": {
                        "xOffset": 4,
                        "yOffset": 23,
                        "xAdvance": 37,
                        "rect": {
                            "x": 208,
                            "y": 475,
                            "width": 39,
                            "height": 42
                        }
                    },
                    "118": {
                        "xOffset": 1,
                        "yOffset": 22,
                        "xAdvance": 36,
                        "rect": {
                            "x": 123,
                            "y": 475,
                            "width": 42,
                            "height": 42
                        }
                    },
                    "119": {
                        "xOffset": 1,
                        "yOffset": 22,
                        "xAdvance": 55,
                        "rect": {
                            "x": 2,
                            "y": 475,
                            "width": 61,
                            "height": 42
                        }
                    },
                    "120": {
                        "xOffset": 1,
                        "yOffset": 23,
                        "xAdvance": 38,
                        "rect": {
                            "x": 314,
                            "y": 475,
                            "width": 45,
                            "height": 41
                        }
                    },
                    "121": {
                        "xOffset": 1,
                        "yOffset": 23,
                        "xAdvance": 33,
                        "rect": {
                            "x": 2,
                            "y": 422,
                            "width": 39,
                            "height": 51
                        }
                    },
                    "122": {
                        "xOffset": 3,
                        "yOffset": 22,
                        "xAdvance": 31,
                        "rect": {
                            "x": 249,
                            "y": 475,
                            "width": 34,
                            "height": 42
                        }
                    },
                    "123": {
                        "xOffset": 2,
                        "yOffset": 2,
                        "xAdvance": 18,
                        "rect": {
                            "x": 121,
                            "y": 2,
                            "width": 23,
                            "height": 72
                        }
                    },
                    "124": {
                        "xOffset": 4,
                        "yOffset": 1,
                        "xAdvance": 13,
                        "rect": {
                            "x": 2,
                            "y": 2,
                            "width": 13,
                            "height": 73
                        }
                    },
                    "125": {
                        "xOffset": 2,
                        "yOffset": 2,
                        "xAdvance": 18,
                        "rect": {
                            "x": 146,
                            "y": 2,
                            "width": 23,
                            "height": 72
                        }
                    },
                    "126": {
                        "xOffset": 3,
                        "yOffset": 28,
                        "xAdvance": 36,
                        "rect": {
                            "x": 109,
                            "y": 519,
                            "width": 40,
                            "height": 20
                        }
                    }
                },
                "kerningDict": {}
            }
        ]
    ],
    0,
    0,
    [
        0
    ],
    [
        0
    ],
    [
        0
    ]
]
