{
  "f46876e4-e81b-4931-b493-6d367be385e7": {
    "assetUuid": "f46876e4-e81b-4931-b493-6d367be385e7",
    "animationUuid": "",
    "expandLevels": [
      "0",
      "0_1"
    ]
  },
  "999658bc-36f2-40aa-9141-fdba7b3f2eeb": {
    "assetUuid": "999658bc-36f2-40aa-9141-fdba7b3f2eeb",
    "animationUuid": "",
    "expandLevels": [
      "0",
      "0_1",
      "0_2_0",
      "0_3",
      "0_3_2",
      "0_3_2_1",
      "0_3_3_0",
      "0_6"
    ]
  },
  "399505a7-5c56-4453-bfe3-08b0f540a743": {
    "assetUuid": "399505a7-5c56-4453-bfe3-08b0f540a743",
    "animationUuid": "",
    "expandLevels": [
      "0"
    ]
  },
  "4e643309-e6c6-4bd3-b846-ef7dc8e0619a": {
    "assetUuid": "4e643309-e6c6-4bd3-b846-ef7dc8e0619a",
    "animationUuid": "",
    "expandLevels": [
      "0"
    ]
  },
  "9f232b07-89a7-4980-9dfc-b70e3db21a75": {
    "assetUuid": "9f232b07-89a7-4980-9dfc-b70e3db21a75",
    "animationUuid": "",
    "expandLevels": [
      "0"
    ]
  },
  "2cfaa76a-b1c3-481b-bf93-58d3238c5c45": {
    "assetUuid": "2cfaa76a-b1c3-481b-bf93-58d3238c5c45",
    "animationUuid": "",
    "expandLevels": [
      "0"
    ]
  },
  "ce49cb3e-2040-4618-957f-c41d3eeaa265": {
    "assetUuid": "ce49cb3e-2040-4618-957f-c41d3eeaa265",
    "animationUuid": "",
    "expandLevels": [
      "0"
    ]
  },
  "972b7422-61a8-4fab-878e-ea621a5a2f3c": {
    "assetUuid": "972b7422-61a8-4fab-878e-ea621a5a2f3c",
    "animationUuid": "",
    "expandLevels": [
      "0",
      "0_0"
    ]
  },
  "bf21c62c-32ee-4e55-ae12-3a80f92aa11c": {
    "assetUuid": "bf21c62c-32ee-4e55-ae12-3a80f92aa11c",
    "animationUuid": "",
    "expandLevels": [
      "0",
      "0_0"
    ]
  },
  "0c46b956-3e35-446c-8c38-7c27cb39578a": {
    "assetUuid": "0c46b956-3e35-446c-8c38-7c27cb39578a",
    "animationUuid": "",
    "expandLevels": [
      "0",
      "0_0"
    ]
  },
  "e089cc0c-54b7-44ca-9f4e-4981d0324640": {
    "assetUuid": "e089cc0c-54b7-44ca-9f4e-4981d0324640",
    "animationUuid": "",
    "expandLevels": [
      "0"
    ]
  },
  "82f8b664-9591-450b-bd1b-77032368095e": {
    "assetUuid": "82f8b664-9591-450b-bd1b-77032368095e",
    "animationUuid": "",
    "expandLevels": [
      "0"
    ]
  },
  "c6e57610-cf41-4b79-8998-d9bbb7000f93": {
    "assetUuid": "c6e57610-cf41-4b79-8998-d9bbb7000f93",
    "animationUuid": "",
    "expandLevels": [
      "0"
    ]
  }
}
