[
  {
    "__type__": "cc.SceneAsset",
    "_name": "game",
    "_objFlags": 0,
    "_native": "",
    "scene": {
      "__id__": 1
    }
  },
  {
    "__type__": "cc.Scene",
    "_name": "game",
    "_objFlags": 0,
    "_parent": null,
    "_children": [
      {
        "__id__": 2
      }
    ],
    "_active": true,
    "_components": [],
    "_prefab": {
      "__id__": 238
    },
    "autoReleaseAssets": false,
    "_globals": {
      "__id__": 239
    },
    "_id": "3a9dd2f8-d199-4f9d-99b1-087c074a2237"
  },
  {
    "__type__": "cc.Node",
    "_name": "Canvas",
    "_objFlags": 0,
    "_parent": {
      "__id__": 1
    },
    "_children": [
      {
        "__id__": 3
      },
      {
        "__id__": 5
      },
      {
        "__id__": 184
      }
    ],
    "_active": true,
    "_components": [
      {
        "__id__": 234
      },
      {
        "__id__": 235
      },
      {
        "__id__": 236
      },
      {
        "__id__": 237
      }
    ],
    "_prefab": null,
    "_lpos": {
      "__type__": "cc.Vec3",
      "x": 375,
      "y": 667,
      "z": 0
    },
    "_lrot": {
      "__type__": "cc.Quat",
      "x": 0,
      "y": 0,
      "z": 0,
      "w": 1
    },
    "_lscale": {
      "__type__": "cc.Vec3",
      "x": 1,
      "y": 1,
      "z": 1
    },
    "_layer": 33554432,
    "_euler": {
      "__type__": "cc.Vec3",
      "x": 0,
      "y": 0,
      "z": 0
    },
    "_id": "15uoPBKHxJLZagqC4NSZ9a"
  },
  {
    "__type__": "cc.Node",
    "_name": "Camera",
    "_objFlags": 0,
    "_parent": {
      "__id__": 2
    },
    "_children": [],
    "_active": true,
    "_components": [
      {
        "__id__": 4
      }
    ],
    "_prefab": null,
    "_lpos": {
      "__type__": "cc.Vec3",
      "x": 0,
      "y": 0,
      "z": 1000
    },
    "_lrot": {
      "__type__": "cc.Quat",
      "x": 0,
      "y": 0,
      "z": 0,
      "w": 1
    },
    "_lscale": {
      "__type__": "cc.Vec3",
      "x": 1,
      "y": 1,
      "z": 1
    },
    "_layer": 1073741824,
    "_euler": {
      "__type__": "cc.Vec3",
      "x": 0,
      "y": 0,
      "z": 0
    },
    "_id": "89WGPyByhJqqUCKWWPR8XM"
  },
  {
    "__type__": "cc.Camera",
    "_name": "",
    "_objFlags": 0,
    "node": {
      "__id__": 3
    },
    "_enabled": true,
    "__prefab": null,
    "_projection": 0,
    "_priority": 1073741824,
    "_fov": 45,
    "_fovAxis": 0,
    "_orthoHeight": 667,
    "_near": 1,
    "_far": 2000,
    "_color": {
      "__type__": "cc.Color",
      "r": 0,
      "g": 0,
      "b": 0,
      "a": 255
    },
    "_depth": 1,
    "_stencil": 0,
    "_clearFlags": 6,
    "_rect": {
      "__type__": "cc.Rect",
      "x": 0,
      "y": 0,
      "width": 1,
      "height": 1
    },
    "_aperture": 19,
    "_shutter": 7,
    "_iso": 0,
    "_screenScale": 1,
    "_visibility": 41943040,
    "_targetTexture": null,
    "_id": "ca1aGWAlJPgLKzudWlJdcP"
  },
  {
    "__type__": "cc.Node",
    "_name": "Layout",
    "_objFlags": 0,
    "_parent": {
      "__id__": 2
    },
    "_children": [
      {
        "__id__": 6
      },
      {
        "__id__": 9
      },
      {
        "__id__": 172
      },
      {
        "__id__": 175
      },
      {
        "__id__": 178
      },
      {
        "__id__": 204
      },
      {
        "__id__": 220
      },
      {
        "__id__": 225
      }
    ],
    "_active": true,
    "_components": [
      {
        "__id__": 231
      },
      {
        "__id__": 232
      },
      {
        "__id__": 233
      }
    ],
    "_prefab": null,
    "_lpos": {
      "__type__": "cc.Vec3",
      "x": 0,
      "y": -145,
      "z": 0
    },
    "_lrot": {
      "__type__": "cc.Quat",
      "x": 0,
      "y": 0,
      "z": 0,
      "w": 1
    },
    "_lscale": {
      "__type__": "cc.Vec3",
      "x": 1,
      "y": 1,
      "z": 1
    },
    "_layer": 33554432,
    "_euler": {
      "__type__": "cc.Vec3",
      "x": 0,
      "y": 0,
      "z": 0
    },
    "_id": "6dZx48tidNKZi/SPAlHO5n"
  },
  {
    "__type__": "cc.Node",
    "_name": "background-1",
    "_objFlags": 0,
    "_parent": {
      "__id__": 5
    },
    "_children": [],
    "_active": true,
    "_components": [
      {
        "__id__": 7
      },
      {
        "__id__": 8
      }
    ],
    "_prefab": null,
    "_lpos": {
      "__type__": "cc.Vec3",
      "x": 0,
      "y": 0,
      "z": 0
    },
    "_lrot": {
      "__type__": "cc.Quat",
      "x": 0,
      "y": 0,
      "z": 0,
      "w": 1
    },
    "_lscale": {
      "__type__": "cc.Vec3",
      "x": 1,
      "y": 1,
      "z": 1
    },
    "_layer": 33554432,
    "_euler": {
      "__type__": "cc.Vec3",
      "x": 0,
      "y": 0,
      "z": 0
    },
    "_id": "62Ipngt89D8p7zjwFFKQ+n"
  },
  {
    "__type__": "cc.UITransform",
    "_name": "",
    "_objFlags": 0,
    "node": {
      "__id__": 6
    },
    "_enabled": true,
    "__prefab": null,
    "_contentSize": {
      "__type__": "cc.Size",
      "width": 750,
      "height": 1624
    },
    "_anchorPoint": {
      "__type__": "cc.Vec2",
      "x": 0.5,
      "y": 0.5
    },
    "_id": "31w9dssStLRoR6gzAIUAoG"
  },
  {
    "__type__": "cc.Sprite",
    "_name": "",
    "_objFlags": 0,
    "node": {
      "__id__": 6
    },
    "_enabled": true,
    "__prefab": null,
    "_visFlags": 0,
    "_customMaterial": null,
    "_srcBlendFactor": 2,
    "_dstBlendFactor": 4,
    "_color": {
      "__type__": "cc.Color",
      "r": 255,
      "g": 255,
      "b": 255,
      "a": 255
    },
    "_spriteFrame": {
      "__uuid__": "7bab8237-74b8-4ebf-a292-82553dcca51c@f9941",
      "__expectedType__": "cc.SpriteFrame"
    },
    "_type": 0,
    "_fillType": 0,
    "_sizeMode": 1,
    "_fillCenter": {
      "__type__": "cc.Vec2",
      "x": 0,
      "y": 0
    },
    "_fillStart": 0,
    "_fillRange": 0,
    "_isTrimmedMode": true,
    "_useGrayscale": false,
    "_atlas": null,
    "_id": "f0hugBFBZEV7bx+gdJPmTO"
  },
  {
    "__type__": "cc.Node",
    "_name": "background-2",
    "_objFlags": 0,
    "_parent": {
      "__id__": 5
    },
    "_children": [
      {
        "__id__": 10
      },
      {
        "__id__": 18
      },
      {
        "__id__": 26
      },
      {
        "__id__": 34
      },
      {
        "__id__": 42
      },
      {
        "__id__": 50
      },
      {
        "__id__": 58
      },
      {
        "__id__": 66
      },
      {
        "__id__": 74
      },
      {
        "__id__": 82
      },
      {
        "__id__": 90
      },
      {
        "__id__": 98
      },
      {
        "__id__": 106
      },
      {
        "__id__": 114
      },
      {
        "__id__": 122
      },
      {
        "__id__": 130
      },
      {
        "__id__": 138
      },
      {
        "__id__": 146
      },
      {
        "__id__": 154
      },
      {
        "__id__": 162
      }
    ],
    "_active": true,
    "_components": [
      {
        "__id__": 170
      },
      {
        "__id__": 171
      }
    ],
    "_prefab": null,
    "_lpos": {
      "__type__": "cc.Vec3",
      "x": -4,
      "y": -172.592,
      "z": 0
    },
    "_lrot": {
      "__type__": "cc.Quat",
      "x": 0,
      "y": 0,
      "z": 0,
      "w": 1
    },
    "_lscale": {
      "__type__": "cc.Vec3",
      "x": 1,
      "y": 1,
      "z": 1
    },
    "_layer": 33554432,
    "_euler": {
      "__type__": "cc.Vec3",
      "x": 0,
      "y": 0,
      "z": 0
    },
    "_id": "80WvVPMzRAUq8+EEulUcwX"
  },
  {
    "__type__": "cc.Node",
    "_objFlags": 0,
    "_parent": {
      "__id__": 9
    },
    "_prefab": {
      "__id__": 11
    },
    "__editorExtras__": {}
  },
  {
    "__type__": "cc.PrefabInfo",
    "root": {
      "__id__": 10
    },
    "asset": {
      "__uuid__": "69b35425-c7fa-4b9b-81b2-961338c0eb94",
      "__expectedType__": "cc.Prefab"
    },
    "fileId": "f2d73sXt1AuIxg1FT528O5",
    "instance": {
      "__id__": 12
    }
  },
  {
    "__type__": "cc.PrefabInstance",
    "fileId": "adQ1U3NwdG5KxpdnTKwJ/H",
    "mountedChildren": [],
    "mountedComponents": [],
    "propertyOverrides": [
      {
        "__id__": 13
      },
      {
        "__id__": 15
      },
      {
        "__id__": 16
      },
      {
        "__id__": 17
      }
    ],
    "removedComponents": []
  },
  {
    "__type__": "CCPropertyOverrideInfo",
    "targetInfo": {
      "__id__": 14
    },
    "propertyPath": [
      "_lpos"
    ],
    "value": {
      "__type__": "cc.Vec3",
      "x": -11.432,
      "y": 345.529,
      "z": 0
    }
  },
  {
    "__type__": "cc.TargetInfo",
    "localID": [
      "f2d73sXt1AuIxg1FT528O5"
    ]
  },
  {
    "__type__": "CCPropertyOverrideInfo",
    "targetInfo": {
      "__id__": 14
    },
    "propertyPath": [
      "_name"
    ],
    "value": "gold_4"
  },
  {
    "__type__": "CCPropertyOverrideInfo",
    "targetInfo": {
      "__id__": 14
    },
    "propertyPath": [
      "_lrot"
    ],
    "value": {
      "__type__": "cc.Quat",
      "x": 0,
      "y": 0,
      "z": 0,
      "w": 1
    }
  },
  {
    "__type__": "CCPropertyOverrideInfo",
    "targetInfo": {
      "__id__": 14
    },
    "propertyPath": [
      "_euler"
    ],
    "value": {
      "__type__": "cc.Vec3",
      "x": 0,
      "y": 0,
      "z": 0
    }
  },
  {
    "__type__": "cc.Node",
    "_objFlags": 0,
    "_parent": {
      "__id__": 9
    },
    "_prefab": {
      "__id__": 19
    },
    "__editorExtras__": {}
  },
  {
    "__type__": "cc.PrefabInfo",
    "root": {
      "__id__": 18
    },
    "asset": {
      "__uuid__": "b8a70d87-b0a6-4d13-b528-d20079836006",
      "__expectedType__": "cc.Prefab"
    },
    "fileId": "20fVuIxodAW5vHrqt3XHuq",
    "instance": {
      "__id__": 20
    }
  },
  {
    "__type__": "cc.PrefabInstance",
    "fileId": "51ky5x6BNJB7eJuD4hhWkS",
    "mountedChildren": [],
    "mountedComponents": [],
    "propertyOverrides": [
      {
        "__id__": 21
      },
      {
        "__id__": 23
      },
      {
        "__id__": 24
      },
      {
        "__id__": 25
      }
    ],
    "removedComponents": []
  },
  {
    "__type__": "CCPropertyOverrideInfo",
    "targetInfo": {
      "__id__": 22
    },
    "propertyPath": [
      "_lpos"
    ],
    "value": {
      "__type__": "cc.Vec3",
      "x": -220.488,
      "y": 401.807,
      "z": 0
    }
  },
  {
    "__type__": "cc.TargetInfo",
    "localID": [
      "20fVuIxodAW5vHrqt3XHuq"
    ]
  },
  {
    "__type__": "CCPropertyOverrideInfo",
    "targetInfo": {
      "__id__": 22
    },
    "propertyPath": [
      "_name"
    ],
    "value": "gold_2"
  },
  {
    "__type__": "CCPropertyOverrideInfo",
    "targetInfo": {
      "__id__": 22
    },
    "propertyPath": [
      "_lrot"
    ],
    "value": {
      "__type__": "cc.Quat",
      "x": 0,
      "y": 0,
      "z": 0,
      "w": 1
    }
  },
  {
    "__type__": "CCPropertyOverrideInfo",
    "targetInfo": {
      "__id__": 22
    },
    "propertyPath": [
      "_euler"
    ],
    "value": {
      "__type__": "cc.Vec3",
      "x": 0,
      "y": 0,
      "z": 0
    }
  },
  {
    "__type__": "cc.Node",
    "_objFlags": 0,
    "_parent": {
      "__id__": 9
    },
    "_prefab": {
      "__id__": 27
    },
    "__editorExtras__": {}
  },
  {
    "__type__": "cc.PrefabInfo",
    "root": {
      "__id__": 26
    },
    "asset": {
      "__uuid__": "017923b1-ebc2-4516-9a73-0f4dd12f0f12",
      "__expectedType__": "cc.Prefab"
    },
    "fileId": "f1lpMcgxxGn6nA9M5Ac7fq",
    "instance": {
      "__id__": 28
    }
  },
  {
    "__type__": "cc.PrefabInstance",
    "fileId": "89gPyUbmxAcqNv9IBh8sN2",
    "mountedChildren": [],
    "mountedComponents": [],
    "propertyOverrides": [
      {
        "__id__": 29
      },
      {
        "__id__": 31
      },
      {
        "__id__": 32
      },
      {
        "__id__": 33
      }
    ],
    "removedComponents": []
  },
  {
    "__type__": "CCPropertyOverrideInfo",
    "targetInfo": {
      "__id__": 30
    },
    "propertyPath": [
      "_lpos"
    ],
    "value": {
      "__type__": "cc.Vec3",
      "x": 176.851,
      "y": 385.541,
      "z": 0
    }
  },
  {
    "__type__": "cc.TargetInfo",
    "localID": [
      "f1lpMcgxxGn6nA9M5Ac7fq"
    ]
  },
  {
    "__type__": "CCPropertyOverrideInfo",
    "targetInfo": {
      "__id__": 30
    },
    "propertyPath": [
      "_name"
    ],
    "value": "gold_1"
  },
  {
    "__type__": "CCPropertyOverrideInfo",
    "targetInfo": {
      "__id__": 30
    },
    "propertyPath": [
      "_lrot"
    ],
    "value": {
      "__type__": "cc.Quat",
      "x": 0,
      "y": 0,
      "z": 0,
      "w": 1
    }
  },
  {
    "__type__": "CCPropertyOverrideInfo",
    "targetInfo": {
      "__id__": 30
    },
    "propertyPath": [
      "_euler"
    ],
    "value": {
      "__type__": "cc.Vec3",
      "x": 0,
      "y": 0,
      "z": 0
    }
  },
  {
    "__type__": "cc.Node",
    "_objFlags": 0,
    "_parent": {
      "__id__": 9
    },
    "_prefab": {
      "__id__": 35
    },
    "__editorExtras__": {}
  },
  {
    "__type__": "cc.PrefabInfo",
    "root": {
      "__id__": 34
    },
    "asset": {
      "__uuid__": "11f699c5-32ea-47ce-ab37-badfe3d7eebb",
      "__expectedType__": "cc.Prefab"
    },
    "fileId": "0aDJxlYk5L6rbxqY1zc671",
    "instance": {
      "__id__": 36
    }
  },
  {
    "__type__": "cc.PrefabInstance",
    "fileId": "e6+9Hb1kVJWLtmaIwAKZuT",
    "mountedChildren": [],
    "mountedComponents": [],
    "propertyOverrides": [
      {
        "__id__": 37
      },
      {
        "__id__": 39
      },
      {
        "__id__": 40
      },
      {
        "__id__": 41
      }
    ],
    "removedComponents": []
  },
  {
    "__type__": "CCPropertyOverrideInfo",
    "targetInfo": {
      "__id__": 38
    },
    "propertyPath": [
      "_lpos"
    ],
    "value": {
      "__type__": "cc.Vec3",
      "x": -193.369,
      "y": -6.536,
      "z": 0
    }
  },
  {
    "__type__": "cc.TargetInfo",
    "localID": [
      "0aDJxlYk5L6rbxqY1zc671"
    ]
  },
  {
    "__type__": "CCPropertyOverrideInfo",
    "targetInfo": {
      "__id__": 38
    },
    "propertyPath": [
      "_name"
    ],
    "value": "boom"
  },
  {
    "__type__": "CCPropertyOverrideInfo",
    "targetInfo": {
      "__id__": 38
    },
    "propertyPath": [
      "_lrot"
    ],
    "value": {
      "__type__": "cc.Quat",
      "x": 0,
      "y": 0,
      "z": 0,
      "w": 1
    }
  },
  {
    "__type__": "CCPropertyOverrideInfo",
    "targetInfo": {
      "__id__": 38
    },
    "propertyPath": [
      "_euler"
    ],
    "value": {
      "__type__": "cc.Vec3",
      "x": 0,
      "y": 0,
      "z": 0
    }
  },
  {
    "__type__": "cc.Node",
    "_objFlags": 0,
    "_parent": {
      "__id__": 9
    },
    "_prefab": {
      "__id__": 43
    },
    "__editorExtras__": {}
  },
  {
    "__type__": "cc.PrefabInfo",
    "root": {
      "__id__": 42
    },
    "asset": {
      "__uuid__": "69b35425-c7fa-4b9b-81b2-961338c0eb94",
      "__expectedType__": "cc.Prefab"
    },
    "fileId": "f2d73sXt1AuIxg1FT528O5",
    "instance": {
      "__id__": 44
    }
  },
  {
    "__type__": "cc.PrefabInstance",
    "fileId": "45JPW6gFdOVICnEhkXotNn",
    "mountedChildren": [],
    "mountedComponents": [],
    "propertyOverrides": [
      {
        "__id__": 45
      },
      {
        "__id__": 47
      },
      {
        "__id__": 48
      },
      {
        "__id__": 49
      }
    ],
    "removedComponents": []
  },
  {
    "__type__": "CCPropertyOverrideInfo",
    "targetInfo": {
      "__id__": 46
    },
    "propertyPath": [
      "_lpos"
    ],
    "value": {
      "__type__": "cc.Vec3",
      "x": -244.215,
      "y": 152.674,
      "z": 0
    }
  },
  {
    "__type__": "cc.TargetInfo",
    "localID": [
      "f2d73sXt1AuIxg1FT528O5"
    ]
  },
  {
    "__type__": "CCPropertyOverrideInfo",
    "targetInfo": {
      "__id__": 46
    },
    "propertyPath": [
      "_name"
    ],
    "value": "gold_4"
  },
  {
    "__type__": "CCPropertyOverrideInfo",
    "targetInfo": {
      "__id__": 46
    },
    "propertyPath": [
      "_lrot"
    ],
    "value": {
      "__type__": "cc.Quat",
      "x": 0,
      "y": 0,
      "z": 0,
      "w": 1
    }
  },
  {
    "__type__": "CCPropertyOverrideInfo",
    "targetInfo": {
      "__id__": 46
    },
    "propertyPath": [
      "_euler"
    ],
    "value": {
      "__type__": "cc.Vec3",
      "x": 0,
      "y": 0,
      "z": 0
    }
  },
  {
    "__type__": "cc.Node",
    "_objFlags": 0,
    "_parent": {
      "__id__": 9
    },
    "_prefab": {
      "__id__": 51
    },
    "__editorExtras__": {}
  },
  {
    "__type__": "cc.PrefabInfo",
    "root": {
      "__id__": 50
    },
    "asset": {
      "__uuid__": "1ea29a49-e7a8-4592-91ff-5e84b0cde3e6",
      "__expectedType__": "cc.Prefab"
    },
    "fileId": "bd3W5ZdypDL5huyarWDuTh",
    "instance": {
      "__id__": 52
    }
  },
  {
    "__type__": "cc.PrefabInstance",
    "fileId": "d6+79lZuNKFLNcgAb+PbBa",
    "mountedChildren": [],
    "mountedComponents": [],
    "propertyOverrides": [
      {
        "__id__": 53
      },
      {
        "__id__": 55
      },
      {
        "__id__": 56
      },
      {
        "__id__": 57
      }
    ],
    "removedComponents": []
  },
  {
    "__type__": "CCPropertyOverrideInfo",
    "targetInfo": {
      "__id__": 54
    },
    "propertyPath": [
      "_lpos"
    ],
    "value": {
      "__type__": "cc.Vec3",
      "x": 31.047,
      "y": 171.203,
      "z": 0
    }
  },
  {
    "__type__": "cc.TargetInfo",
    "localID": [
      "bd3W5ZdypDL5huyarWDuTh"
    ]
  },
  {
    "__type__": "CCPropertyOverrideInfo",
    "targetInfo": {
      "__id__": 54
    },
    "propertyPath": [
      "_name"
    ],
    "value": "gold_3"
  },
  {
    "__type__": "CCPropertyOverrideInfo",
    "targetInfo": {
      "__id__": 54
    },
    "propertyPath": [
      "_lrot"
    ],
    "value": {
      "__type__": "cc.Quat",
      "x": 0,
      "y": 0,
      "z": 0,
      "w": 1
    }
  },
  {
    "__type__": "CCPropertyOverrideInfo",
    "targetInfo": {
      "__id__": 54
    },
    "propertyPath": [
      "_euler"
    ],
    "value": {
      "__type__": "cc.Vec3",
      "x": 0,
      "y": 0,
      "z": 0
    }
  },
  {
    "__type__": "cc.Node",
    "_objFlags": 0,
    "_parent": {
      "__id__": 9
    },
    "_prefab": {
      "__id__": 59
    },
    "__editorExtras__": {}
  },
  {
    "__type__": "cc.PrefabInfo",
    "root": {
      "__id__": 58
    },
    "asset": {
      "__uuid__": "bffafcc3-275f-4963-a4d6-4e39f29e50ec",
      "__expectedType__": "cc.Prefab"
    },
    "fileId": "18FXrpv1pCg5/vTzwbDhkO",
    "instance": {
      "__id__": 60
    }
  },
  {
    "__type__": "cc.PrefabInstance",
    "fileId": "e1VjsQagNPDq/4OGCih0lo",
    "mountedChildren": [],
    "mountedComponents": [],
    "propertyOverrides": [
      {
        "__id__": 61
      },
      {
        "__id__": 63
      },
      {
        "__id__": 64
      },
      {
        "__id__": 65
      }
    ],
    "removedComponents": []
  },
  {
    "__type__": "CCPropertyOverrideInfo",
    "targetInfo": {
      "__id__": 62
    },
    "propertyPath": [
      "_lpos"
    ],
    "value": {
      "__type__": "cc.Vec3",
      "x": -198.115,
      "y": -210.537,
      "z": 0
    }
  },
  {
    "__type__": "cc.TargetInfo",
    "localID": [
      "18FXrpv1pCg5/vTzwbDhkO"
    ]
  },
  {
    "__type__": "CCPropertyOverrideInfo",
    "targetInfo": {
      "__id__": 62
    },
    "propertyPath": [
      "_name"
    ],
    "value": "dialog_bag_golden_full"
  },
  {
    "__type__": "CCPropertyOverrideInfo",
    "targetInfo": {
      "__id__": 62
    },
    "propertyPath": [
      "_lrot"
    ],
    "value": {
      "__type__": "cc.Quat",
      "x": 0,
      "y": 0,
      "z": 0,
      "w": 1
    }
  },
  {
    "__type__": "CCPropertyOverrideInfo",
    "targetInfo": {
      "__id__": 62
    },
    "propertyPath": [
      "_euler"
    ],
    "value": {
      "__type__": "cc.Vec3",
      "x": 0,
      "y": 0,
      "z": 0
    }
  },
  {
    "__type__": "cc.Node",
    "_objFlags": 0,
    "_parent": {
      "__id__": 9
    },
    "_prefab": {
      "__id__": 67
    },
    "__editorExtras__": {}
  },
  {
    "__type__": "cc.PrefabInfo",
    "root": {
      "__id__": 66
    },
    "asset": {
      "__uuid__": "bffafcc3-275f-4963-a4d6-4e39f29e50ec",
      "__expectedType__": "cc.Prefab"
    },
    "fileId": "18FXrpv1pCg5/vTzwbDhkO",
    "instance": {
      "__id__": 68
    }
  },
  {
    "__type__": "cc.PrefabInstance",
    "fileId": "17hNhPnQJI4LZSkcpLBKqq",
    "mountedChildren": [],
    "mountedComponents": [],
    "propertyOverrides": [
      {
        "__id__": 69
      },
      {
        "__id__": 71
      },
      {
        "__id__": 72
      },
      {
        "__id__": 73
      }
    ],
    "removedComponents": []
  },
  {
    "__type__": "CCPropertyOverrideInfo",
    "targetInfo": {
      "__id__": 70
    },
    "propertyPath": [
      "_lpos"
    ],
    "value": {
      "__type__": "cc.Vec3",
      "x": 212.61,
      "y": -156.445,
      "z": 0
    }
  },
  {
    "__type__": "cc.TargetInfo",
    "localID": [
      "18FXrpv1pCg5/vTzwbDhkO"
    ]
  },
  {
    "__type__": "CCPropertyOverrideInfo",
    "targetInfo": {
      "__id__": 70
    },
    "propertyPath": [
      "_name"
    ],
    "value": "dialog_bag_golden_full"
  },
  {
    "__type__": "CCPropertyOverrideInfo",
    "targetInfo": {
      "__id__": 70
    },
    "propertyPath": [
      "_lrot"
    ],
    "value": {
      "__type__": "cc.Quat",
      "x": 0,
      "y": 0,
      "z": 0,
      "w": 1
    }
  },
  {
    "__type__": "CCPropertyOverrideInfo",
    "targetInfo": {
      "__id__": 70
    },
    "propertyPath": [
      "_euler"
    ],
    "value": {
      "__type__": "cc.Vec3",
      "x": 0,
      "y": 0,
      "z": 0
    }
  },
  {
    "__type__": "cc.Node",
    "_objFlags": 0,
    "_parent": {
      "__id__": 9
    },
    "_prefab": {
      "__id__": 75
    },
    "__editorExtras__": {}
  },
  {
    "__type__": "cc.PrefabInfo",
    "root": {
      "__id__": 74
    },
    "asset": {
      "__uuid__": "1ea29a49-e7a8-4592-91ff-5e84b0cde3e6",
      "__expectedType__": "cc.Prefab"
    },
    "fileId": "bd3W5ZdypDL5huyarWDuTh",
    "instance": {
      "__id__": 76
    }
  },
  {
    "__type__": "cc.PrefabInstance",
    "fileId": "c6dR6rmtFMtJRS6LIkL9yc",
    "mountedChildren": [],
    "mountedComponents": [],
    "propertyOverrides": [
      {
        "__id__": 77
      },
      {
        "__id__": 79
      },
      {
        "__id__": 80
      },
      {
        "__id__": 81
      }
    ],
    "removedComponents": []
  },
  {
    "__type__": "CCPropertyOverrideInfo",
    "targetInfo": {
      "__id__": 78
    },
    "propertyPath": [
      "_lpos"
    ],
    "value": {
      "__type__": "cc.Vec3",
      "x": 272.591,
      "y": 87.693,
      "z": 0
    }
  },
  {
    "__type__": "cc.TargetInfo",
    "localID": [
      "bd3W5ZdypDL5huyarWDuTh"
    ]
  },
  {
    "__type__": "CCPropertyOverrideInfo",
    "targetInfo": {
      "__id__": 78
    },
    "propertyPath": [
      "_name"
    ],
    "value": "gold_3"
  },
  {
    "__type__": "CCPropertyOverrideInfo",
    "targetInfo": {
      "__id__": 78
    },
    "propertyPath": [
      "_lrot"
    ],
    "value": {
      "__type__": "cc.Quat",
      "x": 0,
      "y": 0,
      "z": 0,
      "w": 1
    }
  },
  {
    "__type__": "CCPropertyOverrideInfo",
    "targetInfo": {
      "__id__": 78
    },
    "propertyPath": [
      "_euler"
    ],
    "value": {
      "__type__": "cc.Vec3",
      "x": 0,
      "y": 0,
      "z": 0
    }
  },
  {
    "__type__": "cc.Node",
    "_objFlags": 0,
    "_parent": {
      "__id__": 9
    },
    "_prefab": {
      "__id__": 83
    },
    "__editorExtras__": {}
  },
  {
    "__type__": "cc.PrefabInfo",
    "root": {
      "__id__": 82
    },
    "asset": {
      "__uuid__": "11f699c5-32ea-47ce-ab37-badfe3d7eebb",
      "__expectedType__": "cc.Prefab"
    },
    "fileId": "0aDJxlYk5L6rbxqY1zc671",
    "instance": {
      "__id__": 84
    }
  },
  {
    "__type__": "cc.PrefabInstance",
    "fileId": "59GOjgiClI9YtskwkjhIk7",
    "mountedChildren": [],
    "mountedComponents": [],
    "propertyOverrides": [
      {
        "__id__": 85
      },
      {
        "__id__": 87
      },
      {
        "__id__": 88
      },
      {
        "__id__": 89
      }
    ],
    "removedComponents": []
  },
  {
    "__type__": "CCPropertyOverrideInfo",
    "targetInfo": {
      "__id__": 86
    },
    "propertyPath": [
      "_lpos"
    ],
    "value": {
      "__type__": "cc.Vec3",
      "x": -150.133,
      "y": 262.592,
      "z": 0
    }
  },
  {
    "__type__": "cc.TargetInfo",
    "localID": [
      "0aDJxlYk5L6rbxqY1zc671"
    ]
  },
  {
    "__type__": "CCPropertyOverrideInfo",
    "targetInfo": {
      "__id__": 86
    },
    "propertyPath": [
      "_name"
    ],
    "value": "boom"
  },
  {
    "__type__": "CCPropertyOverrideInfo",
    "targetInfo": {
      "__id__": 86
    },
    "propertyPath": [
      "_lrot"
    ],
    "value": {
      "__type__": "cc.Quat",
      "x": 0,
      "y": 0,
      "z": 0,
      "w": 1
    }
  },
  {
    "__type__": "CCPropertyOverrideInfo",
    "targetInfo": {
      "__id__": 86
    },
    "propertyPath": [
      "_euler"
    ],
    "value": {
      "__type__": "cc.Vec3",
      "x": 0,
      "y": 0,
      "z": 0
    }
  },
  {
    "__type__": "cc.Node",
    "_objFlags": 0,
    "_parent": {
      "__id__": 9
    },
    "_prefab": {
      "__id__": 91
    },
    "__editorExtras__": {}
  },
  {
    "__type__": "cc.PrefabInfo",
    "root": {
      "__id__": 90
    },
    "asset": {
      "__uuid__": "11f699c5-32ea-47ce-ab37-badfe3d7eebb",
      "__expectedType__": "cc.Prefab"
    },
    "fileId": "0aDJxlYk5L6rbxqY1zc671",
    "instance": {
      "__id__": 92
    }
  },
  {
    "__type__": "cc.PrefabInstance",
    "fileId": "17jsI3R3BJm4xRnScwPNaj",
    "mountedChildren": [],
    "mountedComponents": [],
    "propertyOverrides": [
      {
        "__id__": 93
      },
      {
        "__id__": 95
      },
      {
        "__id__": 96
      },
      {
        "__id__": 97
      }
    ],
    "removedComponents": []
  },
  {
    "__type__": "CCPropertyOverrideInfo",
    "targetInfo": {
      "__id__": 94
    },
    "propertyPath": [
      "_lpos"
    ],
    "value": {
      "__type__": "cc.Vec3",
      "x": 206.129,
      "y": 200.111,
      "z": 0
    }
  },
  {
    "__type__": "cc.TargetInfo",
    "localID": [
      "0aDJxlYk5L6rbxqY1zc671"
    ]
  },
  {
    "__type__": "CCPropertyOverrideInfo",
    "targetInfo": {
      "__id__": 94
    },
    "propertyPath": [
      "_name"
    ],
    "value": "boom"
  },
  {
    "__type__": "CCPropertyOverrideInfo",
    "targetInfo": {
      "__id__": 94
    },
    "propertyPath": [
      "_lrot"
    ],
    "value": {
      "__type__": "cc.Quat",
      "x": 0,
      "y": 0,
      "z": 0,
      "w": 1
    }
  },
  {
    "__type__": "CCPropertyOverrideInfo",
    "targetInfo": {
      "__id__": 94
    },
    "propertyPath": [
      "_euler"
    ],
    "value": {
      "__type__": "cc.Vec3",
      "x": 0,
      "y": 0,
      "z": 0
    }
  },
  {
    "__type__": "cc.Node",
    "_objFlags": 0,
    "_parent": {
      "__id__": 9
    },
    "_prefab": {
      "__id__": 99
    },
    "__editorExtras__": {}
  },
  {
    "__type__": "cc.PrefabInfo",
    "root": {
      "__id__": 98
    },
    "asset": {
      "__uuid__": "11f699c5-32ea-47ce-ab37-badfe3d7eebb",
      "__expectedType__": "cc.Prefab"
    },
    "fileId": "0aDJxlYk5L6rbxqY1zc671",
    "instance": {
      "__id__": 100
    }
  },
  {
    "__type__": "cc.PrefabInstance",
    "fileId": "5frGqtiQFEzLb+ZiaX3gGZ",
    "mountedChildren": [],
    "mountedComponents": [],
    "propertyOverrides": [
      {
        "__id__": 101
      },
      {
        "__id__": 103
      },
      {
        "__id__": 104
      },
      {
        "__id__": 105
      }
    ],
    "removedComponents": []
  },
  {
    "__type__": "CCPropertyOverrideInfo",
    "targetInfo": {
      "__id__": 102
    },
    "propertyPath": [
      "_lpos"
    ],
    "value": {
      "__type__": "cc.Vec3",
      "x": 113.871,
      "y": 16.758,
      "z": 0
    }
  },
  {
    "__type__": "cc.TargetInfo",
    "localID": [
      "0aDJxlYk5L6rbxqY1zc671"
    ]
  },
  {
    "__type__": "CCPropertyOverrideInfo",
    "targetInfo": {
      "__id__": 102
    },
    "propertyPath": [
      "_name"
    ],
    "value": "boom"
  },
  {
    "__type__": "CCPropertyOverrideInfo",
    "targetInfo": {
      "__id__": 102
    },
    "propertyPath": [
      "_lrot"
    ],
    "value": {
      "__type__": "cc.Quat",
      "x": 0,
      "y": 0,
      "z": 0,
      "w": 1
    }
  },
  {
    "__type__": "CCPropertyOverrideInfo",
    "targetInfo": {
      "__id__": 102
    },
    "propertyPath": [
      "_euler"
    ],
    "value": {
      "__type__": "cc.Vec3",
      "x": 0,
      "y": 0,
      "z": 0
    }
  },
  {
    "__type__": "cc.Node",
    "_objFlags": 0,
    "_parent": {
      "__id__": 9
    },
    "_prefab": {
      "__id__": 107
    },
    "__editorExtras__": {}
  },
  {
    "__type__": "cc.PrefabInfo",
    "root": {
      "__id__": 106
    },
    "asset": {
      "__uuid__": "1ea29a49-e7a8-4592-91ff-5e84b0cde3e6",
      "__expectedType__": "cc.Prefab"
    },
    "fileId": "bd3W5ZdypDL5huyarWDuTh",
    "instance": {
      "__id__": 108
    }
  },
  {
    "__type__": "cc.PrefabInstance",
    "fileId": "c4ggu54uVAfLUPWOrDpnDe",
    "mountedChildren": [],
    "mountedComponents": [],
    "propertyOverrides": [
      {
        "__id__": 109
      },
      {
        "__id__": 111
      },
      {
        "__id__": 112
      },
      {
        "__id__": 113
      }
    ],
    "removedComponents": []
  },
  {
    "__type__": "CCPropertyOverrideInfo",
    "targetInfo": {
      "__id__": 110
    },
    "propertyPath": [
      "_lpos"
    ],
    "value": {
      "__type__": "cc.Vec3",
      "x": -56.075,
      "y": 38.389,
      "z": 0
    }
  },
  {
    "__type__": "cc.TargetInfo",
    "localID": [
      "bd3W5ZdypDL5huyarWDuTh"
    ]
  },
  {
    "__type__": "CCPropertyOverrideInfo",
    "targetInfo": {
      "__id__": 110
    },
    "propertyPath": [
      "_name"
    ],
    "value": "gold_3"
  },
  {
    "__type__": "CCPropertyOverrideInfo",
    "targetInfo": {
      "__id__": 110
    },
    "propertyPath": [
      "_lrot"
    ],
    "value": {
      "__type__": "cc.Quat",
      "x": 0,
      "y": 0,
      "z": 0,
      "w": 1
    }
  },
  {
    "__type__": "CCPropertyOverrideInfo",
    "targetInfo": {
      "__id__": 110
    },
    "propertyPath": [
      "_euler"
    ],
    "value": {
      "__type__": "cc.Vec3",
      "x": 0,
      "y": 0,
      "z": 0
    }
  },
  {
    "__type__": "cc.Node",
    "_objFlags": 0,
    "_parent": {
      "__id__": 9
    },
    "_prefab": {
      "__id__": 115
    },
    "__editorExtras__": {}
  },
  {
    "__type__": "cc.PrefabInfo",
    "root": {
      "__id__": 114
    },
    "asset": {
      "__uuid__": "017923b1-ebc2-4516-9a73-0f4dd12f0f12",
      "__expectedType__": "cc.Prefab"
    },
    "fileId": "f1lpMcgxxGn6nA9M5Ac7fq",
    "instance": {
      "__id__": 116
    }
  },
  {
    "__type__": "cc.PrefabInstance",
    "fileId": "7eEPYLbSZK6IXcvXVYz8aq",
    "mountedChildren": [],
    "mountedComponents": [],
    "propertyOverrides": [
      {
        "__id__": 117
      },
      {
        "__id__": 119
      },
      {
        "__id__": 120
      },
      {
        "__id__": 121
      }
    ],
    "removedComponents": []
  },
  {
    "__type__": "CCPropertyOverrideInfo",
    "targetInfo": {
      "__id__": 118
    },
    "propertyPath": [
      "_lpos"
    ],
    "value": {
      "__type__": "cc.Vec3",
      "x": 304.601,
      "y": 348.2,
      "z": 0
    }
  },
  {
    "__type__": "cc.TargetInfo",
    "localID": [
      "f1lpMcgxxGn6nA9M5Ac7fq"
    ]
  },
  {
    "__type__": "CCPropertyOverrideInfo",
    "targetInfo": {
      "__id__": 118
    },
    "propertyPath": [
      "_name"
    ],
    "value": "gold_1"
  },
  {
    "__type__": "CCPropertyOverrideInfo",
    "targetInfo": {
      "__id__": 118
    },
    "propertyPath": [
      "_lrot"
    ],
    "value": {
      "__type__": "cc.Quat",
      "x": 0,
      "y": 0,
      "z": 0,
      "w": 1
    }
  },
  {
    "__type__": "CCPropertyOverrideInfo",
    "targetInfo": {
      "__id__": 118
    },
    "propertyPath": [
      "_euler"
    ],
    "value": {
      "__type__": "cc.Vec3",
      "x": 0,
      "y": 0,
      "z": 0
    }
  },
  {
    "__type__": "cc.Node",
    "_objFlags": 0,
    "_parent": {
      "__id__": 9
    },
    "_prefab": {
      "__id__": 123
    },
    "__editorExtras__": {}
  },
  {
    "__type__": "cc.PrefabInfo",
    "root": {
      "__id__": 122
    },
    "asset": {
      "__uuid__": "017923b1-ebc2-4516-9a73-0f4dd12f0f12",
      "__expectedType__": "cc.Prefab"
    },
    "fileId": "f1lpMcgxxGn6nA9M5Ac7fq",
    "instance": {
      "__id__": 124
    }
  },
  {
    "__type__": "cc.PrefabInstance",
    "fileId": "09zF/Ng/1MCaQENzzcuWd5",
    "mountedChildren": [],
    "mountedComponents": [],
    "propertyOverrides": [
      {
        "__id__": 125
      },
      {
        "__id__": 127
      },
      {
        "__id__": 128
      },
      {
        "__id__": 129
      }
    ],
    "removedComponents": []
  },
  {
    "__type__": "CCPropertyOverrideInfo",
    "targetInfo": {
      "__id__": 126
    },
    "propertyPath": [
      "_lpos"
    ],
    "value": {
      "__type__": "cc.Vec3",
      "x": -107.556,
      "y": 404.073,
      "z": 0
    }
  },
  {
    "__type__": "cc.TargetInfo",
    "localID": [
      "f1lpMcgxxGn6nA9M5Ac7fq"
    ]
  },
  {
    "__type__": "CCPropertyOverrideInfo",
    "targetInfo": {
      "__id__": 126
    },
    "propertyPath": [
      "_name"
    ],
    "value": "gold_1"
  },
  {
    "__type__": "CCPropertyOverrideInfo",
    "targetInfo": {
      "__id__": 126
    },
    "propertyPath": [
      "_lrot"
    ],
    "value": {
      "__type__": "cc.Quat",
      "x": 0,
      "y": 0,
      "z": 0,
      "w": 1
    }
  },
  {
    "__type__": "CCPropertyOverrideInfo",
    "targetInfo": {
      "__id__": 126
    },
    "propertyPath": [
      "_euler"
    ],
    "value": {
      "__type__": "cc.Vec3",
      "x": 0,
      "y": 0,
      "z": 0
    }
  },
  {
    "__type__": "cc.Node",
    "_objFlags": 0,
    "_parent": {
      "__id__": 9
    },
    "_prefab": {
      "__id__": 131
    },
    "__editorExtras__": {}
  },
  {
    "__type__": "cc.PrefabInfo",
    "root": {
      "__id__": 130
    },
    "asset": {
      "__uuid__": "b8a70d87-b0a6-4d13-b528-d20079836006",
      "__expectedType__": "cc.Prefab"
    },
    "fileId": "20fVuIxodAW5vHrqt3XHuq",
    "instance": {
      "__id__": 132
    }
  },
  {
    "__type__": "cc.PrefabInstance",
    "fileId": "feZ0rUF4tEKbUMgJCdBd9r",
    "mountedChildren": [],
    "mountedComponents": [],
    "propertyOverrides": [
      {
        "__id__": 133
      },
      {
        "__id__": 135
      },
      {
        "__id__": 136
      },
      {
        "__id__": 137
      }
    ],
    "removedComponents": []
  },
  {
    "__type__": "CCPropertyOverrideInfo",
    "targetInfo": {
      "__id__": 134
    },
    "propertyPath": [
      "_lpos"
    ],
    "value": {
      "__type__": "cc.Vec3",
      "x": 313.306,
      "y": 210.854,
      "z": 0
    }
  },
  {
    "__type__": "cc.TargetInfo",
    "localID": [
      "20fVuIxodAW5vHrqt3XHuq"
    ]
  },
  {
    "__type__": "CCPropertyOverrideInfo",
    "targetInfo": {
      "__id__": 134
    },
    "propertyPath": [
      "_name"
    ],
    "value": "gold_2"
  },
  {
    "__type__": "CCPropertyOverrideInfo",
    "targetInfo": {
      "__id__": 134
    },
    "propertyPath": [
      "_lrot"
    ],
    "value": {
      "__type__": "cc.Quat",
      "x": 0,
      "y": 0,
      "z": 0,
      "w": 1
    }
  },
  {
    "__type__": "CCPropertyOverrideInfo",
    "targetInfo": {
      "__id__": 134
    },
    "propertyPath": [
      "_euler"
    ],
    "value": {
      "__type__": "cc.Vec3",
      "x": 0,
      "y": 0,
      "z": 0
    }
  },
  {
    "__type__": "cc.Node",
    "_objFlags": 0,
    "_parent": {
      "__id__": 9
    },
    "_prefab": {
      "__id__": 139
    },
    "__editorExtras__": {}
  },
  {
    "__type__": "cc.PrefabInfo",
    "root": {
      "__id__": 138
    },
    "asset": {
      "__uuid__": "69b35425-c7fa-4b9b-81b2-961338c0eb94",
      "__expectedType__": "cc.Prefab"
    },
    "fileId": "f2d73sXt1AuIxg1FT528O5",
    "instance": {
      "__id__": 140
    }
  },
  {
    "__type__": "cc.PrefabInstance",
    "fileId": "05jfLubcJMPocdFOcCaGkS",
    "mountedChildren": [],
    "mountedComponents": [],
    "propertyOverrides": [
      {
        "__id__": 141
      },
      {
        "__id__": 143
      },
      {
        "__id__": 144
      },
      {
        "__id__": 145
      }
    ],
    "removedComponents": []
  },
  {
    "__type__": "CCPropertyOverrideInfo",
    "targetInfo": {
      "__id__": 142
    },
    "propertyPath": [
      "_lpos"
    ],
    "value": {
      "__type__": "cc.Vec3",
      "x": 33.498,
      "y": -285.901,
      "z": 0
    }
  },
  {
    "__type__": "cc.TargetInfo",
    "localID": [
      "f2d73sXt1AuIxg1FT528O5"
    ]
  },
  {
    "__type__": "CCPropertyOverrideInfo",
    "targetInfo": {
      "__id__": 142
    },
    "propertyPath": [
      "_name"
    ],
    "value": "gold_4"
  },
  {
    "__type__": "CCPropertyOverrideInfo",
    "targetInfo": {
      "__id__": 142
    },
    "propertyPath": [
      "_lrot"
    ],
    "value": {
      "__type__": "cc.Quat",
      "x": 0,
      "y": 0,
      "z": 0,
      "w": 1
    }
  },
  {
    "__type__": "CCPropertyOverrideInfo",
    "targetInfo": {
      "__id__": 142
    },
    "propertyPath": [
      "_euler"
    ],
    "value": {
      "__type__": "cc.Vec3",
      "x": 0,
      "y": 0,
      "z": 0
    }
  },
  {
    "__type__": "cc.Node",
    "_objFlags": 0,
    "_parent": {
      "__id__": 9
    },
    "_prefab": {
      "__id__": 147
    },
    "__editorExtras__": {}
  },
  {
    "__type__": "cc.PrefabInfo",
    "root": {
      "__id__": 146
    },
    "asset": {
      "__uuid__": "1ea29a49-e7a8-4592-91ff-5e84b0cde3e6",
      "__expectedType__": "cc.Prefab"
    },
    "fileId": "bd3W5ZdypDL5huyarWDuTh",
    "instance": {
      "__id__": 148
    }
  },
  {
    "__type__": "cc.PrefabInstance",
    "fileId": "cdd/kWhY5IOqc+Pytyvdrq",
    "mountedChildren": [],
    "mountedComponents": [],
    "propertyOverrides": [
      {
        "__id__": 149
      },
      {
        "__id__": 151
      },
      {
        "__id__": 152
      },
      {
        "__id__": 153
      }
    ],
    "removedComponents": []
  },
  {
    "__type__": "CCPropertyOverrideInfo",
    "targetInfo": {
      "__id__": 150
    },
    "propertyPath": [
      "_lpos"
    ],
    "value": {
      "__type__": "cc.Vec3",
      "x": -59,
      "y": -86.40800000000002,
      "z": 0
    }
  },
  {
    "__type__": "cc.TargetInfo",
    "localID": [
      "bd3W5ZdypDL5huyarWDuTh"
    ]
  },
  {
    "__type__": "CCPropertyOverrideInfo",
    "targetInfo": {
      "__id__": 150
    },
    "propertyPath": [
      "_name"
    ],
    "value": "gold_3"
  },
  {
    "__type__": "CCPropertyOverrideInfo",
    "targetInfo": {
      "__id__": 150
    },
    "propertyPath": [
      "_lrot"
    ],
    "value": {
      "__type__": "cc.Quat",
      "x": 0,
      "y": 0,
      "z": 0,
      "w": 1
    }
  },
  {
    "__type__": "CCPropertyOverrideInfo",
    "targetInfo": {
      "__id__": 150
    },
    "propertyPath": [
      "_euler"
    ],
    "value": {
      "__type__": "cc.Vec3",
      "x": 0,
      "y": 0,
      "z": 0
    }
  },
  {
    "__type__": "cc.Node",
    "_objFlags": 0,
    "_parent": {
      "__id__": 9
    },
    "_prefab": {
      "__id__": 155
    },
    "__editorExtras__": {}
  },
  {
    "__type__": "cc.PrefabInfo",
    "root": {
      "__id__": 154
    },
    "asset": {
      "__uuid__": "69b35425-c7fa-4b9b-81b2-961338c0eb94",
      "__expectedType__": "cc.Prefab"
    },
    "fileId": "f2d73sXt1AuIxg1FT528O5",
    "instance": {
      "__id__": 156
    }
  },
  {
    "__type__": "cc.PrefabInstance",
    "fileId": "0d32aouvlBF7kU2p24IkgQ",
    "mountedChildren": [],
    "mountedComponents": [],
    "propertyOverrides": [
      {
        "__id__": 157
      },
      {
        "__id__": 159
      },
      {
        "__id__": 160
      },
      {
        "__id__": 161
      }
    ],
    "removedComponents": []
  },
  {
    "__type__": "CCPropertyOverrideInfo",
    "targetInfo": {
      "__id__": 158
    },
    "propertyPath": [
      "_lpos"
    ],
    "value": {
      "__type__": "cc.Vec3",
      "x": -293.593,
      "y": 269.629,
      "z": 0
    }
  },
  {
    "__type__": "cc.TargetInfo",
    "localID": [
      "f2d73sXt1AuIxg1FT528O5"
    ]
  },
  {
    "__type__": "CCPropertyOverrideInfo",
    "targetInfo": {
      "__id__": 158
    },
    "propertyPath": [
      "_name"
    ],
    "value": "gold_4"
  },
  {
    "__type__": "CCPropertyOverrideInfo",
    "targetInfo": {
      "__id__": 158
    },
    "propertyPath": [
      "_lrot"
    ],
    "value": {
      "__type__": "cc.Quat",
      "x": 0,
      "y": 0,
      "z": 0,
      "w": 1
    }
  },
  {
    "__type__": "CCPropertyOverrideInfo",
    "targetInfo": {
      "__id__": 158
    },
    "propertyPath": [
      "_euler"
    ],
    "value": {
      "__type__": "cc.Vec3",
      "x": 0,
      "y": 0,
      "z": 0
    }
  },
  {
    "__type__": "cc.Node",
    "_objFlags": 0,
    "_parent": {
      "__id__": 9
    },
    "_prefab": {
      "__id__": 163
    },
    "__editorExtras__": {}
  },
  {
    "__type__": "cc.PrefabInfo",
    "root": {
      "__id__": 162
    },
    "asset": {
      "__uuid__": "b8a70d87-b0a6-4d13-b528-d20079836006",
      "__expectedType__": "cc.Prefab"
    },
    "fileId": "20fVuIxodAW5vHrqt3XHuq",
    "instance": {
      "__id__": 164
    }
  },
  {
    "__type__": "cc.PrefabInstance",
    "fileId": "19oH+MnMpESr1jyuq3FCG9",
    "mountedChildren": [],
    "mountedComponents": [],
    "propertyOverrides": [
      {
        "__id__": 165
      },
      {
        "__id__": 167
      },
      {
        "__id__": 168
      },
      {
        "__id__": 169
      }
    ],
    "removedComponents": []
  },
  {
    "__type__": "CCPropertyOverrideInfo",
    "targetInfo": {
      "__id__": 166
    },
    "propertyPath": [
      "_lpos"
    ],
    "value": {
      "__type__": "cc.Vec3",
      "x": 71,
      "y": 280.592,
      "z": 0
    }
  },
  {
    "__type__": "cc.TargetInfo",
    "localID": [
      "20fVuIxodAW5vHrqt3XHuq"
    ]
  },
  {
    "__type__": "CCPropertyOverrideInfo",
    "targetInfo": {
      "__id__": 166
    },
    "propertyPath": [
      "_name"
    ],
    "value": "gold_2"
  },
  {
    "__type__": "CCPropertyOverrideInfo",
    "targetInfo": {
      "__id__": 166
    },
    "propertyPath": [
      "_lrot"
    ],
    "value": {
      "__type__": "cc.Quat",
      "x": 0,
      "y": 0,
      "z": 0,
      "w": 1
    }
  },
  {
    "__type__": "CCPropertyOverrideInfo",
    "targetInfo": {
      "__id__": 166
    },
    "propertyPath": [
      "_euler"
    ],
    "value": {
      "__type__": "cc.Vec3",
      "x": 0,
      "y": 0,
      "z": 0
    }
  },
  {
    "__type__": "cc.UITransform",
    "_name": "",
    "_objFlags": 0,
    "node": {
      "__id__": 9
    },
    "_enabled": true,
    "__prefab": null,
    "_contentSize": {
      "__type__": "cc.Size",
      "width": 754,
      "height": 1296
    },
    "_anchorPoint": {
      "__type__": "cc.Vec2",
      "x": 0.5,
      "y": 0.5
    },
    "_id": "aeOyi4zqJJ+7N8GP+Rl8hy"
  },
  {
    "__type__": "cc.Sprite",
    "_name": "",
    "_objFlags": 0,
    "node": {
      "__id__": 9
    },
    "_enabled": true,
    "__prefab": null,
    "_visFlags": 0,
    "_customMaterial": null,
    "_srcBlendFactor": 2,
    "_dstBlendFactor": 4,
    "_color": {
      "__type__": "cc.Color",
      "r": 255,
      "g": 255,
      "b": 255,
      "a": 255
    },
    "_spriteFrame": {
      "__uuid__": "0731e060-50b7-4967-a812-b876e3053937@f9941",
      "__expectedType__": "cc.SpriteFrame"
    },
    "_type": 0,
    "_fillType": 0,
    "_sizeMode": 0,
    "_fillCenter": {
      "__type__": "cc.Vec2",
      "x": 0,
      "y": 0
    },
    "_fillStart": 0,
    "_fillRange": 0,
    "_isTrimmedMode": true,
    "_useGrayscale": false,
    "_atlas": null,
    "_id": "d9lVCguYdKnrCM9z57lBxn"
  },
  {
    "__type__": "cc.Node",
    "_name": "golden_car",
    "_objFlags": 0,
    "_parent": {
      "__id__": 5
    },
    "_children": [],
    "_active": true,
    "_components": [
      {
        "__id__": 173
      },
      {
        "__id__": 174
      }
    ],
    "_prefab": null,
    "_lpos": {
      "__type__": "cc.Vec3",
      "x": 99.251,
      "y": 524.943,
      "z": 0
    },
    "_lrot": {
      "__type__": "cc.Quat",
      "x": 0,
      "y": 0,
      "z": 0,
      "w": 1
    },
    "_lscale": {
      "__type__": "cc.Vec3",
      "x": 1,
      "y": 1,
      "z": 1
    },
    "_layer": 33554432,
    "_euler": {
      "__type__": "cc.Vec3",
      "x": 0,
      "y": 0,
      "z": 0
    },
    "_id": "5aMCx9EU9Ii4HNa+et0+Pk"
  },
  {
    "__type__": "cc.UITransform",
    "_name": "",
    "_objFlags": 0,
    "node": {
      "__id__": 172
    },
    "_enabled": true,
    "__prefab": null,
    "_contentSize": {
      "__type__": "cc.Size",
      "width": 259,
      "height": 199
    },
    "_anchorPoint": {
      "__type__": "cc.Vec2",
      "x": 0.5,
      "y": 0.5
    },
    "_id": "c369fWxEtFRq3aZfrOKHr7"
  },
  {
    "__type__": "cc.Sprite",
    "_name": "",
    "_objFlags": 0,
    "node": {
      "__id__": 172
    },
    "_enabled": true,
    "__prefab": null,
    "_visFlags": 0,
    "_customMaterial": null,
    "_srcBlendFactor": 2,
    "_dstBlendFactor": 4,
    "_color": {
      "__type__": "cc.Color",
      "r": 255,
      "g": 255,
      "b": 255,
      "a": 255
    },
    "_spriteFrame": {
      "__uuid__": "671117c5-3fd6-4474-8c48-c9ad244149fd@f9941",
      "__expectedType__": "cc.SpriteFrame"
    },
    "_type": 0,
    "_fillType": 0,
    "_sizeMode": 1,
    "_fillCenter": {
      "__type__": "cc.Vec2",
      "x": 0,
      "y": 0
    },
    "_fillStart": 0,
    "_fillRange": 0,
    "_isTrimmedMode": true,
    "_useGrayscale": false,
    "_atlas": null,
    "_id": "37F+ZgdFxF0ZlIsAfbtUay"
  },
  {
    "__type__": "cc.Node",
    "_name": "icon_text",
    "_objFlags": 0,
    "_parent": {
      "__id__": 5
    },
    "_children": [],
    "_active": true,
    "_components": [
      {
        "__id__": 176
      },
      {
        "__id__": 177
      }
    ],
    "_prefab": null,
    "_lpos": {
      "__type__": "cc.Vec3",
      "x": 226.426,
      "y": 711.888,
      "z": 0
    },
    "_lrot": {
      "__type__": "cc.Quat",
      "x": 0,
      "y": 0,
      "z": 0,
      "w": 1
    },
    "_lscale": {
      "__type__": "cc.Vec3",
      "x": 0.8,
      "y": 0.8,
      "z": 1
    },
    "_layer": 33554432,
    "_euler": {
      "__type__": "cc.Vec3",
      "x": 0,
      "y": 0,
      "z": 0
    },
    "_id": "8dJED/+glJf7t+eSaqrehp"
  },
  {
    "__type__": "cc.UITransform",
    "_name": "",
    "_objFlags": 0,
    "node": {
      "__id__": 175
    },
    "_enabled": true,
    "__prefab": null,
    "_contentSize": {
      "__type__": "cc.Size",
      "width": 264,
      "height": 143
    },
    "_anchorPoint": {
      "__type__": "cc.Vec2",
      "x": 0.5,
      "y": 0.5
    },
    "_id": "67cwpzk8FGcKHJbT/QRmBI"
  },
  {
    "__type__": "cc.Sprite",
    "_name": "",
    "_objFlags": 0,
    "node": {
      "__id__": 175
    },
    "_enabled": true,
    "__prefab": null,
    "_visFlags": 0,
    "_customMaterial": null,
    "_srcBlendFactor": 2,
    "_dstBlendFactor": 4,
    "_color": {
      "__type__": "cc.Color",
      "r": 255,
      "g": 255,
      "b": 255,
      "a": 255
    },
    "_spriteFrame": {
      "__uuid__": "2bc6131c-d543-4c47-945c-a60e28e53d00@f9941",
      "__expectedType__": "cc.SpriteFrame"
    },
    "_type": 0,
    "_fillType": 0,
    "_sizeMode": 1,
    "_fillCenter": {
      "__type__": "cc.Vec2",
      "x": 0,
      "y": 0
    },
    "_fillStart": 0,
    "_fillRange": 0,
    "_isTrimmedMode": true,
    "_useGrayscale": false,
    "_atlas": null,
    "_id": "d7xJiBpNtIc4nKuyqjs6w3"
  },
  {
    "__type__": "cc.Node",
    "_name": "golden_hook",
    "_objFlags": 0,
    "_parent": {
      "__id__": 5
    },
    "_children": [
      {
        "__id__": 179
      },
      {
        "__id__": 215
      }
    ],
    "_active": true,
    "_components": [
      {
        "__id__": 218
      },
      {
        "__id__": 219
      },
      {
        "__id__": 183
      }
    ],
    "_prefab": null,
    "_lpos": {
      "__type__": "cc.Vec3",
      "x": 0,
      "y": 486,
      "z": 0
    },
    "_lrot": {
      "__type__": "cc.Quat",
      "x": 0,
      "y": 0,
      "z": 0,
      "w": 1
    },
    "_lscale": {
      "__type__": "cc.Vec3",
      "x": 0.8,
      "y": 0.8,
      "z": 1
    },
    "_layer": 33554432,
    "_euler": {
      "__type__": "cc.Vec3",
      "x": 0,
      "y": 0,
      "z": 0
    },
    "_id": "372uCyZe1O349+8rivoAM3"
  },
  {
    "__type__": "cc.Node",
    "_name": "zhugou",
    "_objFlags": 0,
    "_parent": {
      "__id__": 178
    },
    "_children": [],
    "_active": true,
    "_components": [
      {
        "__id__": 180
      },
      {
        "__id__": 181
      },
      {
        "__id__": 182
      }
    ],
    "_prefab": null,
    "_lpos": {
      "__type__": "cc.Vec3",
      "x": 0,
      "y": -175,
      "z": 0
    },
    "_lrot": {
      "__type__": "cc.Quat",
      "x": 0,
      "y": 0,
      "z": 0,
      "w": 1
    },
    "_lscale": {
      "__type__": "cc.Vec3",
      "x": 1,
      "y": 1,
      "z": 1
    },
    "_layer": 33554432,
    "_euler": {
      "__type__": "cc.Vec3",
      "x": 0,
      "y": 0,
      "z": 0
    },
    "_id": "95Is02vQZKMIbw82+s0nHn"
  },
  {
    "__type__": "cc.UITransform",
    "_name": "",
    "_objFlags": 0,
    "node": {
      "__id__": 179
    },
    "_enabled": true,
    "__prefab": null,
    "_contentSize": {
      "__type__": "cc.Size",
      "width": 70,
      "height": 70
    },
    "_anchorPoint": {
      "__type__": "cc.Vec2",
      "x": 0.5,
      "y": 0.5
    },
    "_id": "cb0DSimG5D86WvbM2rHVD9"
  },
  {
    "__type__": "cc.BoxCollider2D",
    "_name": "",
    "_objFlags": 0,
    "node": {
      "__id__": 179
    },
    "_enabled": true,
    "__prefab": null,
    "tag": 0,
    "_group": 1,
    "_density": 1,
    "_sensor": false,
    "_friction": 0.2,
    "_restitution": 0,
    "_offset": {
      "__type__": "cc.Vec2",
      "x": 0,
      "y": 0
    },
    "_size": {
      "__type__": "cc.Size",
      "width": 70,
      "height": 70
    },
    "_id": "a8/o1412xL0av6Tysth1Eo"
  },
  {
    "__type__": "d548exI8DhBGrzHeNyyQGIR",
    "_name": "",
    "_objFlags": 0,
    "node": {
      "__id__": 179
    },
    "_enabled": true,
    "__prefab": null,
    "gouzi": {
      "__id__": 183
    },
    "_id": "09w5x1mYdGFrwEZhz3XggN"
  },
  {
    "__type__": "cbd498BJPhHjbgE5IrHMBr7",
    "_name": "",
    "_objFlags": 0,
    "node": {
      "__id__": 178
    },
    "_enabled": true,
    "__prefab": null,
    "overGroup": {
      "__id__": 184
    },
    "wintext": {
      "__id__": 194
    },
    "losstext": {
      "__id__": 197
    },
    "myfraction": {
      "__id__": 203
    },
    "downTimer": {
      "__id__": 205
    },
    "boom": {
      "__uuid__": "11f699c5-32ea-47ce-ab37-badfe3d7eebb",
      "__expectedType__": "cc.Prefab"
    },
    "boomImg": {
      "__uuid__": "0cc4701f-2008-4648-ac32-23d7861dee1d@f9941",
      "__expectedType__": "cc.SpriteFrame"
    },
    "dialog_bag_golden_full": {
      "__uuid__": "bffafcc3-275f-4963-a4d6-4e39f29e50ec",
      "__expectedType__": "cc.Prefab"
    },
    "dialog_bag_golden_fullImg": {
      "__uuid__": "628c5938-5568-47ef-8211-b0271c16439c@f9941",
      "__expectedType__": "cc.SpriteFrame"
    },
    "dialog_bag_hongbao_full": {
      "__uuid__": "c2edff6a-43d5-4548-aa99-2b3fdd7111c3",
      "__expectedType__": "cc.Prefab"
    },
    "dialog_bag_hongbao_fullImg": {
      "__uuid__": "a3080c4a-a930-4498-95a7-2c015cb9d704@f9941",
      "__expectedType__": "cc.SpriteFrame"
    },
    "gold_1": {
      "__uuid__": "017923b1-ebc2-4516-9a73-0f4dd12f0f12",
      "__expectedType__": "cc.Prefab"
    },
    "gold_1Img": {
      "__uuid__": "61ec3ef5-8087-4ea1-8f18-538929724c3c@f9941",
      "__expectedType__": "cc.SpriteFrame"
    },
    "gold_2": {
      "__uuid__": "b8a70d87-b0a6-4d13-b528-d20079836006",
      "__expectedType__": "cc.Prefab"
    },
    "gold_2Img": {
      "__uuid__": "9033991a-eb46-413c-ae60-9a276c067004@f9941",
      "__expectedType__": "cc.SpriteFrame"
    },
    "gold_3": {
      "__uuid__": "1ea29a49-e7a8-4592-91ff-5e84b0cde3e6",
      "__expectedType__": "cc.Prefab"
    },
    "gold_3Img": {
      "__uuid__": "96e821ec-b451-4f47-8880-789ff94d9171@f9941",
      "__expectedType__": "cc.SpriteFrame"
    },
    "gold_4": {
      "__uuid__": "69b35425-c7fa-4b9b-81b2-961338c0eb94",
      "__expectedType__": "cc.Prefab"
    },
    "gold_4Img": {
      "__uuid__": "31cb8c7d-e19d-45e5-9f9a-a32f5b089a27@f9941",
      "__expectedType__": "cc.SpriteFrame"
    },
    "_id": "def5OZVo9D6LfWKp4TVImq"
  },
  {
    "__type__": "cc.Node",
    "_name": "gameover",
    "_objFlags": 0,
    "_parent": {
      "__id__": 2
    },
    "_children": [
      {
        "__id__": 185
      },
      {
        "__id__": 188
      },
      {
        "__id__": 191
      },
      {
        "__id__": 194
      },
      {
        "__id__": 197
      }
    ],
    "_active": false,
    "_components": [
      {
        "__id__": 200
      },
      {
        "__id__": 201
      },
      {
        "__id__": 202
      }
    ],
    "_prefab": null,
    "_lpos": {
      "__type__": "cc.Vec3",
      "x": 0,
      "y": 0,
      "z": 0
    },
    "_lrot": {
      "__type__": "cc.Quat",
      "x": 0,
      "y": 0,
      "z": 0,
      "w": 1
    },
    "_lscale": {
      "__type__": "cc.Vec3",
      "x": 1,
      "y": 1,
      "z": 1
    },
    "_layer": 33554432,
    "_euler": {
      "__type__": "cc.Vec3",
      "x": 0,
      "y": 0,
      "z": 0
    },
    "_id": "8d3et1DuJAF64F76mMrDqZ"
  },
  {
    "__type__": "cc.Node",
    "_name": "bg",
    "_objFlags": 0,
    "_parent": {
      "__id__": 184
    },
    "_children": [],
    "_active": true,
    "_components": [
      {
        "__id__": 186
      },
      {
        "__id__": 187
      }
    ],
    "_prefab": null,
    "_lpos": {
      "__type__": "cc.Vec3",
      "x": 0,
      "y": 0,
      "z": 0
    },
    "_lrot": {
      "__type__": "cc.Quat",
      "x": 0,
      "y": 0,
      "z": 0,
      "w": 1
    },
    "_lscale": {
      "__type__": "cc.Vec3",
      "x": 1,
      "y": 1,
      "z": 1
    },
    "_layer": 33554432,
    "_euler": {
      "__type__": "cc.Vec3",
      "x": 0,
      "y": 0,
      "z": 0
    },
    "_id": "c8LzhnmUdJB4kZMz2niBS8"
  },
  {
    "__type__": "cc.UITransform",
    "_name": "",
    "_objFlags": 0,
    "node": {
      "__id__": 185
    },
    "_enabled": true,
    "__prefab": null,
    "_contentSize": {
      "__type__": "cc.Size",
      "width": 750,
      "height": 1624
    },
    "_anchorPoint": {
      "__type__": "cc.Vec2",
      "x": 0.5,
      "y": 0.5
    },
    "_id": "640CRzUE5LHbZ03oEaF7r7"
  },
  {
    "__type__": "cc.Sprite",
    "_name": "",
    "_objFlags": 0,
    "node": {
      "__id__": 185
    },
    "_enabled": true,
    "__prefab": null,
    "_visFlags": 0,
    "_customMaterial": null,
    "_srcBlendFactor": 2,
    "_dstBlendFactor": 4,
    "_color": {
      "__type__": "cc.Color",
      "r": 8,
      "g": 8,
      "b": 8,
      "a": 176
    },
    "_spriteFrame": {
      "__uuid__": "7d8f9b89-4fd1-4c9f-a3ab-38ec7cded7ca@f9941",
      "__expectedType__": "cc.SpriteFrame"
    },
    "_type": 0,
    "_fillType": 0,
    "_sizeMode": 0,
    "_fillCenter": {
      "__type__": "cc.Vec2",
      "x": 0,
      "y": 0
    },
    "_fillStart": 0,
    "_fillRange": 0,
    "_isTrimmedMode": true,
    "_useGrayscale": false,
    "_atlas": null,
    "_id": "b7e4oLQ+pD04tgA0hAhDeP"
  },
  {
    "__type__": "cc.Node",
    "_name": "guang",
    "_objFlags": 0,
    "_parent": {
      "__id__": 184
    },
    "_children": [],
    "_active": true,
    "_components": [
      {
        "__id__": 189
      },
      {
        "__id__": 190
      }
    ],
    "_prefab": null,
    "_lpos": {
      "__type__": "cc.Vec3",
      "x": 4.124,
      "y": 68.04,
      "z": 0
    },
    "_lrot": {
      "__type__": "cc.Quat",
      "x": 0,
      "y": 0,
      "z": 0,
      "w": 1
    },
    "_lscale": {
      "__type__": "cc.Vec3",
      "x": 1,
      "y": 1,
      "z": 1
    },
    "_layer": 33554432,
    "_euler": {
      "__type__": "cc.Vec3",
      "x": 0,
      "y": 0,
      "z": 0
    },
    "_id": "7ar+TGoe5NTZNu1eY2K+tg"
  },
  {
    "__type__": "cc.UITransform",
    "_name": "",
    "_objFlags": 0,
    "node": {
      "__id__": 188
    },
    "_enabled": true,
    "__prefab": null,
    "_contentSize": {
      "__type__": "cc.Size",
      "width": 497,
      "height": 563
    },
    "_anchorPoint": {
      "__type__": "cc.Vec2",
      "x": 0.5,
      "y": 0.5
    },
    "_id": "95mNEfg9RHj7ByFb570Kh1"
  },
  {
    "__type__": "cc.Sprite",
    "_name": "",
    "_objFlags": 0,
    "node": {
      "__id__": 188
    },
    "_enabled": true,
    "__prefab": null,
    "_visFlags": 0,
    "_customMaterial": null,
    "_srcBlendFactor": 2,
    "_dstBlendFactor": 4,
    "_color": {
      "__type__": "cc.Color",
      "r": 255,
      "g": 255,
      "b": 255,
      "a": 255
    },
    "_spriteFrame": {
      "__uuid__": "f8671913-1cc4-4e31-b38d-b140cd6a878c@f9941",
      "__expectedType__": "cc.SpriteFrame"
    },
    "_type": 0,
    "_fillType": 0,
    "_sizeMode": 1,
    "_fillCenter": {
      "__type__": "cc.Vec2",
      "x": 0,
      "y": 0
    },
    "_fillStart": 0,
    "_fillRange": 0,
    "_isTrimmedMode": true,
    "_useGrayscale": false,
    "_atlas": null,
    "_id": "52TWp89XtNEpST+vNMu+vQ"
  },
  {
    "__type__": "cc.Node",
    "_name": "logo",
    "_objFlags": 0,
    "_parent": {
      "__id__": 184
    },
    "_children": [],
    "_active": true,
    "_components": [
      {
        "__id__": 192
      },
      {
        "__id__": 193
      }
    ],
    "_prefab": null,
    "_lpos": {
      "__type__": "cc.Vec3",
      "x": 2.361000000000047,
      "y": 282.554,
      "z": 0
    },
    "_lrot": {
      "__type__": "cc.Quat",
      "x": 0,
      "y": 0,
      "z": 0,
      "w": 1
    },
    "_lscale": {
      "__type__": "cc.Vec3",
      "x": 2.352,
      "y": 2.352,
      "z": 2.352
    },
    "_layer": 33554432,
    "_euler": {
      "__type__": "cc.Vec3",
      "x": 0,
      "y": 0,
      "z": 0
    },
    "_id": "d7uBC7mBVHRKpQrqWjeK9O"
  },
  {
    "__type__": "cc.UITransform",
    "_name": "",
    "_objFlags": 0,
    "node": {
      "__id__": 191
    },
    "_enabled": true,
    "__prefab": null,
    "_contentSize": {
      "__type__": "cc.Size",
      "width": 145,
      "height": 93
    },
    "_anchorPoint": {
      "__type__": "cc.Vec2",
      "x": 0.5,
      "y": 0.5
    },
    "_id": "8ckkRq7AZNw4Y/I77zKyfQ"
  },
  {
    "__type__": "cc.Sprite",
    "_name": "",
    "_objFlags": 0,
    "node": {
      "__id__": 191
    },
    "_enabled": true,
    "__prefab": null,
    "_visFlags": 0,
    "_customMaterial": null,
    "_srcBlendFactor": 2,
    "_dstBlendFactor": 4,
    "_color": {
      "__type__": "cc.Color",
      "r": 255,
      "g": 255,
      "b": 255,
      "a": 255
    },
    "_spriteFrame": {
      "__uuid__": "77502301-7336-4b15-900e-7e371918ffd5@f9941",
      "__expectedType__": "cc.SpriteFrame"
    },
    "_type": 0,
    "_fillType": 0,
    "_sizeMode": 1,
    "_fillCenter": {
      "__type__": "cc.Vec2",
      "x": 0,
      "y": 0
    },
    "_fillStart": 0,
    "_fillRange": 0,
    "_isTrimmedMode": true,
    "_useGrayscale": false,
    "_atlas": null,
    "_id": "22ATJG/6FBUrT7Yxto0nJW"
  },
  {
    "__type__": "cc.Node",
    "_name": "defen",
    "_objFlags": 0,
    "_parent": {
      "__id__": 184
    },
    "_children": [],
    "_active": true,
    "_components": [
      {
        "__id__": 195
      },
      {
        "__id__": 196
      }
    ],
    "_prefab": null,
    "_lpos": {
      "__type__": "cc.Vec3",
      "x": 2.374,
      "y": 76.206,
      "z": 0
    },
    "_lrot": {
      "__type__": "cc.Quat",
      "x": 0,
      "y": 0,
      "z": 0,
      "w": 1
    },
    "_lscale": {
      "__type__": "cc.Vec3",
      "x": 1,
      "y": 1,
      "z": 1
    },
    "_layer": 33554432,
    "_euler": {
      "__type__": "cc.Vec3",
      "x": 0,
      "y": 0,
      "z": 0
    },
    "_id": "0cZMX/QGBD4aAmYV/6gma6"
  },
  {
    "__type__": "cc.UITransform",
    "_name": "",
    "_objFlags": 0,
    "node": {
      "__id__": 194
    },
    "_enabled": true,
    "__prefab": null,
    "_contentSize": {
      "__type__": "cc.Size",
      "width": 280,
      "height": 50.4
    },
    "_anchorPoint": {
      "__type__": "cc.Vec2",
      "x": 0.5,
      "y": 0.5
    },
    "_id": "e3YP+z4khGzqieUItdUL/x"
  },
  {
    "__type__": "cc.Label",
    "_name": "",
    "_objFlags": 0,
    "node": {
      "__id__": 194
    },
    "_enabled": true,
    "__prefab": null,
    "_visFlags": 0,
    "_customMaterial": null,
    "_srcBlendFactor": 2,
    "_dstBlendFactor": 4,
    "_color": {
      "__type__": "cc.Color",
      "r": 255,
      "g": 255,
      "b": 255,
      "a": 255
    },
    "_string": "恭喜你挑战成功",
    "_horizontalAlign": 1,
    "_verticalAlign": 1,
    "_actualFontSize": 40,
    "_fontSize": 40,
    "_fontFamily": "Arial",
    "_lineHeight": 40,
    "_overflow": 0,
    "_enableWrapText": true,
    "_font": null,
    "_isSystemFontUsed": true,
    "_spacingX": 0,
    "_isItalic": false,
    "_isBold": false,
    "_isUnderline": false,
    "_underlineHeight": 2,
    "_cacheMode": 0,
    "_id": "5bhZlPTD1PYoDypU3/A0vp"
  },
  {
    "__type__": "cc.Node",
    "_name": "shibai",
    "_objFlags": 0,
    "_parent": {
      "__id__": 184
    },
    "_children": [],
    "_active": true,
    "_components": [
      {
        "__id__": 198
      },
      {
        "__id__": 199
      }
    ],
    "_prefab": null,
    "_lpos": {
      "__type__": "cc.Vec3",
      "x": 2.374,
      "y": 76.206,
      "z": 0
    },
    "_lrot": {
      "__type__": "cc.Quat",
      "x": 0,
      "y": 0,
      "z": 0,
      "w": 1
    },
    "_lscale": {
      "__type__": "cc.Vec3",
      "x": 1,
      "y": 1,
      "z": 1
    },
    "_layer": 33554432,
    "_euler": {
      "__type__": "cc.Vec3",
      "x": 0,
      "y": 0,
      "z": 0
    },
    "_id": "afoHYBvRZLBrOSyu7ZAJu7"
  },
  {
    "__type__": "cc.UITransform",
    "_name": "",
    "_objFlags": 0,
    "node": {
      "__id__": 197
    },
    "_enabled": true,
    "__prefab": null,
    "_contentSize": {
      "__type__": "cc.Size",
      "width": 280,
      "height": 50.4
    },
    "_anchorPoint": {
      "__type__": "cc.Vec2",
      "x": 0.5,
      "y": 0.5
    },
    "_id": "7cC0MVF1pMnq0d+8AZkR8X"
  },
  {
    "__type__": "cc.Label",
    "_name": "",
    "_objFlags": 0,
    "node": {
      "__id__": 197
    },
    "_enabled": true,
    "__prefab": null,
    "_visFlags": 0,
    "_customMaterial": null,
    "_srcBlendFactor": 2,
    "_dstBlendFactor": 4,
    "_color": {
      "__type__": "cc.Color",
      "r": 255,
      "g": 255,
      "b": 255,
      "a": 255
    },
    "_string": "很遗憾挑战失败",
    "_horizontalAlign": 1,
    "_verticalAlign": 1,
    "_actualFontSize": 40,
    "_fontSize": 40,
    "_fontFamily": "Arial",
    "_lineHeight": 40,
    "_overflow": 0,
    "_enableWrapText": true,
    "_font": null,
    "_isSystemFontUsed": true,
    "_spacingX": 0,
    "_isItalic": false,
    "_isBold": false,
    "_isUnderline": false,
    "_underlineHeight": 2,
    "_cacheMode": 0,
    "_id": "dbKThf6KRIBoUnBTVVbAry"
  },
  {
    "__type__": "cc.UITransform",
    "_name": "",
    "_objFlags": 0,
    "node": {
      "__id__": 184
    },
    "_enabled": true,
    "__prefab": null,
    "_contentSize": {
      "__type__": "cc.Size",
      "width": 750,
      "height": 1624
    },
    "_anchorPoint": {
      "__type__": "cc.Vec2",
      "x": 0.5,
      "y": 0.5
    },
    "_id": "b6GR2LYylBsJjYY5/BDJ76"
  },
  {
    "__type__": "cc.Layout",
    "_name": "",
    "_objFlags": 0,
    "node": {
      "__id__": 184
    },
    "_enabled": true,
    "__prefab": null,
    "_resizeMode": 0,
    "_layoutType": 0,
    "_cellSize": {
      "__type__": "cc.Size",
      "width": 40,
      "height": 40
    },
    "_startAxis": 0,
    "_paddingLeft": 0,
    "_paddingRight": 0,
    "_paddingTop": 0,
    "_paddingBottom": 0,
    "_spacingX": 0,
    "_spacingY": 0,
    "_verticalDirection": 1,
    "_horizontalDirection": 0,
    "_constraint": 0,
    "_constraintNum": 2,
    "_affectedByScale": false,
    "_isAlign": false,
    "_id": "99E5yxMdtG1acVOkMlmwUJ"
  },
  {
    "__type__": "ff1edwJwylPMoQAq8oZl7k0",
    "_name": "",
    "_objFlags": 0,
    "node": {
      "__id__": 184
    },
    "_enabled": true,
    "__prefab": null,
    "_id": "adLfTnXL9P+47lfP7O48lU"
  },
  {
    "__type__": "cc.Node",
    "_name": "jinbishu",
    "_objFlags": 0,
    "_parent": {
      "__id__": 204
    },
    "_children": [],
    "_active": true,
    "_components": [
      {
        "__id__": 213
      },
      {
        "__id__": 214
      }
    ],
    "_prefab": null,
    "_lpos": {
      "__type__": "cc.Vec3",
      "x": 6.351999999999862,
      "y": 0.2159999999998945,
      "z": 0
    },
    "_lrot": {
      "__type__": "cc.Quat",
      "x": 0,
      "y": 0,
      "z": 0,
      "w": 1
    },
    "_lscale": {
      "__type__": "cc.Vec3",
      "x": 1,
      "y": 1,
      "z": 1
    },
    "_layer": 33554432,
    "_euler": {
      "__type__": "cc.Vec3",
      "x": 0,
      "y": 0,
      "z": 0
    },
    "_id": "c7rthba/NPeaqag1Qhbu9U"
  },
  {
    "__type__": "cc.Node",
    "_name": "coins_container",
    "_objFlags": 0,
    "_parent": {
      "__id__": 5
    },
    "_children": [
      {
        "__id__": 203
      },
      {
        "__id__": 205
      },
      {
        "__id__": 208
      }
    ],
    "_active": true,
    "_components": [
      {
        "__id__": 211
      },
      {
        "__id__": 212
      }
    ],
    "_prefab": null,
    "_lpos": {
      "__type__": "cc.Vec3",
      "x": -155.826,
      "y": 721.04,
      "z": 0
    },
    "_lrot": {
      "__type__": "cc.Quat",
      "x": 0,
      "y": 0,
      "z": 0,
      "w": 1
    },
    "_lscale": {
      "__type__": "cc.Vec3",
      "x": 1,
      "y": 1,
      "z": 1
    },
    "_layer": 33554432,
    "_euler": {
      "__type__": "cc.Vec3",
      "x": 0,
      "y": 0,
      "z": 0
    },
    "_id": "4bO0PGIOFCJorwrTlt3evO"
  },
  {
    "__type__": "cc.Node",
    "_name": "daojishi",
    "_objFlags": 0,
    "_parent": {
      "__id__": 204
    },
    "_children": [],
    "_active": true,
    "_components": [
      {
        "__id__": 206
      },
      {
        "__id__": 207
      }
    ],
    "_prefab": null,
    "_lpos": {
      "__type__": "cc.Vec3",
      "x": -69.689,
      "y": 55.669,
      "z": 0
    },
    "_lrot": {
      "__type__": "cc.Quat",
      "x": 0,
      "y": 0,
      "z": 0,
      "w": 1
    },
    "_lscale": {
      "__type__": "cc.Vec3",
      "x": 1,
      "y": 1,
      "z": 1
    },
    "_layer": 33554432,
    "_euler": {
      "__type__": "cc.Vec3",
      "x": 0,
      "y": 0,
      "z": 0
    },
    "_id": "2f8GuuBHlKRq1lk83Rnra+"
  },
  {
    "__type__": "cc.UITransform",
    "_name": "",
    "_objFlags": 0,
    "node": {
      "__id__": 205
    },
    "_enabled": true,
    "__prefab": null,
    "_contentSize": {
      "__type__": "cc.Size",
      "width": 122.25,
      "height": 50.4
    },
    "_anchorPoint": {
      "__type__": "cc.Vec2",
      "x": 0,
      "y": 0.5
    },
    "_id": "28vOSnXQxGWLqWtD+ONvhg"
  },
  {
    "__type__": "cc.Label",
    "_name": "",
    "_objFlags": 0,
    "node": {
      "__id__": 205
    },
    "_enabled": true,
    "__prefab": null,
    "_visFlags": 0,
    "_customMaterial": null,
    "_srcBlendFactor": 2,
    "_dstBlendFactor": 4,
    "_color": {
      "__type__": "cc.Color",
      "r": 255,
      "g": 255,
      "b": 255,
      "a": 255
    },
    "_string": "倒计时：60秒",
    "_horizontalAlign": 1,
    "_verticalAlign": 1,
    "_actualFontSize": 20,
    "_fontSize": 20,
    "_fontFamily": "Arial",
    "_lineHeight": 40,
    "_overflow": 0,
    "_enableWrapText": true,
    "_font": null,
    "_isSystemFontUsed": true,
    "_spacingX": 0,
    "_isItalic": false,
    "_isBold": false,
    "_isUnderline": false,
    "_underlineHeight": 2,
    "_cacheMode": 0,
    "_id": "cbtgBQTtxOd6B4WIT7NFNl"
  },
  {
    "__type__": "cc.Node",
    "_name": "qw",
    "_objFlags": 0,
    "_parent": {
      "__id__": 204
    },
    "_children": [],
    "_active": true,
    "_components": [
      {
        "__id__": 209
      },
      {
        "__id__": 210
      }
    ],
    "_prefab": null,
    "_lpos": {
      "__type__": "cc.Vec3",
      "x": 138.053,
      "y": 0,
      "z": 0
    },
    "_lrot": {
      "__type__": "cc.Quat",
      "x": 0,
      "y": 0,
      "z": 0,
      "w": 1
    },
    "_lscale": {
      "__type__": "cc.Vec3",
      "x": 1,
      "y": 1,
      "z": 1
    },
    "_layer": 33554432,
    "_euler": {
      "__type__": "cc.Vec3",
      "x": 0,
      "y": 0,
      "z": 0
    },
    "_id": "65Sfc4/3RGMrCBWTL0cATo"
  },
  {
    "__type__": "cc.UITransform",
    "_name": "",
    "_objFlags": 0,
    "node": {
      "__id__": 208
    },
    "_enabled": true,
    "__prefab": null,
    "_contentSize": {
      "__type__": "cc.Size",
      "width": 93.37,
      "height": 50.4
    },
    "_anchorPoint": {
      "__type__": "cc.Vec2",
      "x": 0.5,
      "y": 0.5
    },
    "_id": "c4EC17um5DjZ13h4HWQg37"
  },
  {
    "__type__": "cc.Label",
    "_name": "",
    "_objFlags": 0,
    "node": {
      "__id__": 208
    },
    "_enabled": true,
    "__prefab": null,
    "_visFlags": 0,
    "_customMaterial": null,
    "_srcBlendFactor": 2,
    "_dstBlendFactor": 4,
    "_color": {
      "__type__": "cc.Color",
      "r": 255,
      "g": 255,
      "b": 255,
      "a": 255
    },
    "_string": "目标：200",
    "_horizontalAlign": 1,
    "_verticalAlign": 1,
    "_actualFontSize": 20,
    "_fontSize": 20,
    "_fontFamily": "Arial",
    "_lineHeight": 40,
    "_overflow": 0,
    "_enableWrapText": true,
    "_font": null,
    "_isSystemFontUsed": true,
    "_spacingX": 0,
    "_isItalic": false,
    "_isBold": false,
    "_isUnderline": false,
    "_underlineHeight": 2,
    "_cacheMode": 0,
    "_id": "b96zDVTjhKi6YpvZA3Lzjg"
  },
  {
    "__type__": "cc.UITransform",
    "_name": "",
    "_objFlags": 0,
    "node": {
      "__id__": 204
    },
    "_enabled": true,
    "__prefab": null,
    "_contentSize": {
      "__type__": "cc.Size",
      "width": 165,
      "height": 55
    },
    "_anchorPoint": {
      "__type__": "cc.Vec2",
      "x": 0.5,
      "y": 0.5
    },
    "_id": "74YSH37y1Lrq3fZqjDezDP"
  },
  {
    "__type__": "cc.Sprite",
    "_name": "",
    "_objFlags": 0,
    "node": {
      "__id__": 204
    },
    "_enabled": true,
    "__prefab": null,
    "_visFlags": 0,
    "_customMaterial": null,
    "_srcBlendFactor": 2,
    "_dstBlendFactor": 4,
    "_color": {
      "__type__": "cc.Color",
      "r": 255,
      "g": 255,
      "b": 255,
      "a": 255
    },
    "_spriteFrame": {
      "__uuid__": "3ee8ea31-7eb4-4c64-bc2f-fd83fc6f645d@f9941",
      "__expectedType__": "cc.SpriteFrame"
    },
    "_type": 0,
    "_fillType": 0,
    "_sizeMode": 1,
    "_fillCenter": {
      "__type__": "cc.Vec2",
      "x": 0,
      "y": 0
    },
    "_fillStart": 0,
    "_fillRange": 0,
    "_isTrimmedMode": true,
    "_useGrayscale": false,
    "_atlas": null,
    "_id": "0eGneeHAVFjKQ6hHygNruB"
  },
  {
    "__type__": "cc.UITransform",
    "_name": "",
    "_objFlags": 0,
    "node": {
      "__id__": 203
    },
    "_enabled": true,
    "__prefab": null,
    "_contentSize": {
      "__type__": "cc.Size",
      "width": 11.12,
      "height": 50.4
    },
    "_anchorPoint": {
      "__type__": "cc.Vec2",
      "x": 0.5,
      "y": 0.5
    },
    "_id": "10tesR7shLuaDcTxXKpp6k"
  },
  {
    "__type__": "cc.Label",
    "_name": "",
    "_objFlags": 0,
    "node": {
      "__id__": 203
    },
    "_enabled": true,
    "__prefab": null,
    "_visFlags": 0,
    "_customMaterial": null,
    "_srcBlendFactor": 2,
    "_dstBlendFactor": 4,
    "_color": {
      "__type__": "cc.Color",
      "r": 189,
      "g": 13,
      "b": 20,
      "a": 255
    },
    "_string": "0",
    "_horizontalAlign": 1,
    "_verticalAlign": 1,
    "_actualFontSize": 20,
    "_fontSize": 20,
    "_fontFamily": "Arial",
    "_lineHeight": 40,
    "_overflow": 0,
    "_enableWrapText": true,
    "_font": null,
    "_isSystemFontUsed": true,
    "_spacingX": 0,
    "_isItalic": false,
    "_isBold": false,
    "_isUnderline": false,
    "_underlineHeight": 2,
    "_cacheMode": 0,
    "_id": "c09AtS/ohO4pZpwB+bsI2M"
  },
  {
    "__type__": "cc.Node",
    "_name": "baowu",
    "_objFlags": 0,
    "_parent": {
      "__id__": 178
    },
    "_children": [],
    "_active": false,
    "_components": [
      {
        "__id__": 216
      },
      {
        "__id__": 217
      }
    ],
    "_prefab": null,
    "_lpos": {
      "__type__": "cc.Vec3",
      "x": 0,
      "y": -168.54,
      "z": 0
    },
    "_lrot": {
      "__type__": "cc.Quat",
      "x": 0,
      "y": 0,
      "z": 0,
      "w": 1
    },
    "_lscale": {
      "__type__": "cc.Vec3",
      "x": 1,
      "y": 1,
      "z": 1
    },
    "_layer": 33554432,
    "_euler": {
      "__type__": "cc.Vec3",
      "x": 0,
      "y": 0,
      "z": 0
    },
    "_id": "a2VXlQ1CRIBJvv00ZZ+2QP"
  },
  {
    "__type__": "cc.UITransform",
    "_name": "",
    "_objFlags": 0,
    "node": {
      "__id__": 215
    },
    "_enabled": true,
    "__prefab": null,
    "_contentSize": {
      "__type__": "cc.Size",
      "width": 265,
      "height": 198
    },
    "_anchorPoint": {
      "__type__": "cc.Vec2",
      "x": 0.5,
      "y": 1
    },
    "_id": "20KblCw8RIJL7EFichl1QG"
  },
  {
    "__type__": "cc.Sprite",
    "_name": "",
    "_objFlags": 0,
    "node": {
      "__id__": 215
    },
    "_enabled": true,
    "__prefab": null,
    "_visFlags": 0,
    "_customMaterial": null,
    "_srcBlendFactor": 2,
    "_dstBlendFactor": 4,
    "_color": {
      "__type__": "cc.Color",
      "r": 255,
      "g": 255,
      "b": 255,
      "a": 255
    },
    "_spriteFrame": {
      "__uuid__": "628c5938-5568-47ef-8211-b0271c16439c@f9941",
      "__expectedType__": "cc.SpriteFrame"
    },
    "_type": 0,
    "_fillType": 0,
    "_sizeMode": 1,
    "_fillCenter": {
      "__type__": "cc.Vec2",
      "x": 0,
      "y": 0
    },
    "_fillStart": 0,
    "_fillRange": 0,
    "_isTrimmedMode": true,
    "_useGrayscale": false,
    "_atlas": null,
    "_id": "casBBV0kpFkoWkJHfRw4Ai"
  },
  {
    "__type__": "cc.UITransform",
    "_name": "",
    "_objFlags": 0,
    "node": {
      "__id__": 178
    },
    "_enabled": true,
    "__prefab": null,
    "_contentSize": {
      "__type__": "cc.Size",
      "width": 89,
      "height": 215
    },
    "_anchorPoint": {
      "__type__": "cc.Vec2",
      "x": 0.5,
      "y": 1
    },
    "_id": "efniHm0LJBHoffMarYepNX"
  },
  {
    "__type__": "cc.Sprite",
    "_name": "",
    "_objFlags": 0,
    "node": {
      "__id__": 178
    },
    "_enabled": true,
    "__prefab": null,
    "_visFlags": 0,
    "_customMaterial": null,
    "_srcBlendFactor": 2,
    "_dstBlendFactor": 4,
    "_color": {
      "__type__": "cc.Color",
      "r": 255,
      "g": 255,
      "b": 255,
      "a": 255
    },
    "_spriteFrame": {
      "__uuid__": "0020876c-08f8-4a08-af8d-34f347c9a3e6@f9941",
      "__expectedType__": "cc.SpriteFrame"
    },
    "_type": 1,
    "_fillType": 0,
    "_sizeMode": 0,
    "_fillCenter": {
      "__type__": "cc.Vec2",
      "x": 0,
      "y": 0
    },
    "_fillStart": 0,
    "_fillRange": 0,
    "_isTrimmedMode": true,
    "_useGrayscale": false,
    "_atlas": null,
    "_id": "afD7wTxIxNj6HPQyqIcxCa"
  },
  {
    "__type__": "cc.Node",
    "_name": "qiangbi",
    "_objFlags": 0,
    "_parent": {
      "__id__": 5
    },
    "_children": [],
    "_active": true,
    "_components": [
      {
        "__id__": 221
      },
      {
        "__id__": 222
      },
      {
        "__id__": 223
      },
      {
        "__id__": 224
      }
    ],
    "_prefab": null,
    "_lpos": {
      "__type__": "cc.Vec3",
      "x": 0,
      "y": 0,
      "z": 0
    },
    "_lrot": {
      "__type__": "cc.Quat",
      "x": 0,
      "y": 0,
      "z": 0,
      "w": 1
    },
    "_lscale": {
      "__type__": "cc.Vec3",
      "x": 1,
      "y": 1,
      "z": 1
    },
    "_layer": 33554432,
    "_euler": {
      "__type__": "cc.Vec3",
      "x": 0,
      "y": 0,
      "z": 0
    },
    "_id": "52mQvvEkZHBLUb2tJ/NmaL"
  },
  {
    "__type__": "cc.UITransform",
    "_name": "",
    "_objFlags": 0,
    "node": {
      "__id__": 220
    },
    "_enabled": true,
    "__prefab": null,
    "_contentSize": {
      "__type__": "cc.Size",
      "width": 100,
      "height": 100
    },
    "_anchorPoint": {
      "__type__": "cc.Vec2",
      "x": 0.5,
      "y": 0.5
    },
    "_id": "8aOtuJ5olPUbEOS8REINCJ"
  },
  {
    "__type__": "cc.BoxCollider2D",
    "_name": "",
    "_objFlags": 0,
    "node": {
      "__id__": 220
    },
    "_enabled": true,
    "__prefab": null,
    "tag": 0,
    "_group": 1,
    "_density": 1,
    "_sensor": false,
    "_friction": 0.2,
    "_restitution": 0,
    "_offset": {
      "__type__": "cc.Vec2",
      "x": -405,
      "y": -188
    },
    "_size": {
      "__type__": "cc.Size",
      "width": 61.1,
      "height": 1259.1
    },
    "_id": "d6e+9qvGBMzbooLVkK7/lb"
  },
  {
    "__type__": "cc.BoxCollider2D",
    "_name": "",
    "_objFlags": 0,
    "node": {
      "__id__": 220
    },
    "_enabled": true,
    "__prefab": null,
    "tag": 0,
    "_group": 1,
    "_density": 1,
    "_sensor": false,
    "_friction": 0.2,
    "_restitution": 0,
    "_offset": {
      "__type__": "cc.Vec2",
      "x": 405,
      "y": -188
    },
    "_size": {
      "__type__": "cc.Size",
      "width": 61.1,
      "height": 1259.1
    },
    "_id": "c8ZBnlQX9C5JnEWuOQjpKZ"
  },
  {
    "__type__": "cc.BoxCollider2D",
    "_name": "",
    "_objFlags": 0,
    "node": {
      "__id__": 220
    },
    "_enabled": true,
    "__prefab": null,
    "tag": 0,
    "_group": 1,
    "_density": 1,
    "_sensor": false,
    "_friction": 0.2,
    "_restitution": 0,
    "_offset": {
      "__type__": "cc.Vec2",
      "x": -0.3,
      "y": -691.3
    },
    "_size": {
      "__type__": "cc.Size",
      "width": 702.7,
      "height": 103.2
    },
    "_id": "cduqsdnCJHhpKr3rrtBjER"
  },
  {
    "__type__": "cc.Node",
    "_name": "loading_house",
    "_objFlags": 0,
    "_parent": {
      "__id__": 5
    },
    "_children": [
      {
        "__id__": 226
      }
    ],
    "_active": true,
    "_components": [
      {
        "__id__": 229
      },
      {
        "__id__": 230
      }
    ],
    "_prefab": null,
    "_lpos": {
      "__type__": "cc.Vec3",
      "x": -72.56100000000004,
      "y": 571.5149999999999,
      "z": 0
    },
    "_lrot": {
      "__type__": "cc.Quat",
      "x": 0,
      "y": 0,
      "z": 0,
      "w": 1
    },
    "_lscale": {
      "__type__": "cc.Vec3",
      "x": 1,
      "y": 1,
      "z": 1
    },
    "_layer": 33554432,
    "_euler": {
      "__type__": "cc.Vec3",
      "x": 0,
      "y": 0,
      "z": 0
    },
    "_id": "60MPBtabBJXJv1E7K4D6P2"
  },
  {
    "__type__": "cc.Node",
    "_name": "head",
    "_objFlags": 0,
    "_parent": {
      "__id__": 225
    },
    "_children": [],
    "_active": true,
    "_components": [
      {
        "__id__": 227
      },
      {
        "__id__": 228
      }
    ],
    "_prefab": null,
    "_lpos": {
      "__type__": "cc.Vec3",
      "x": -224.883,
      "y": 145.227,
      "z": 0
    },
    "_lrot": {
      "__type__": "cc.Quat",
      "x": 0,
      "y": 0,
      "z": 0,
      "w": 1
    },
    "_lscale": {
      "__type__": "cc.Vec3",
      "x": 1,
      "y": 1,
      "z": 1
    },
    "_layer": 33554432,
    "_euler": {
      "__type__": "cc.Vec3",
      "x": 0,
      "y": 0,
      "z": 0
    },
    "_id": "4eq+tvxUFBKaXkNSDXM7bF"
  },
  {
    "__type__": "cc.UITransform",
    "_name": "",
    "_objFlags": 0,
    "node": {
      "__id__": 226
    },
    "_enabled": true,
    "__prefab": null,
    "_contentSize": {
      "__type__": "cc.Size",
      "width": 94,
      "height": 96
    },
    "_anchorPoint": {
      "__type__": "cc.Vec2",
      "x": 0.5,
      "y": 0.5
    },
    "_id": "73Mrz8dY1ILZBZQCIFL7Sw"
  },
  {
    "__type__": "cc.Sprite",
    "_name": "",
    "_objFlags": 0,
    "node": {
      "__id__": 226
    },
    "_enabled": true,
    "__prefab": null,
    "_visFlags": 0,
    "_customMaterial": null,
    "_srcBlendFactor": 2,
    "_dstBlendFactor": 4,
    "_color": {
      "__type__": "cc.Color",
      "r": 255,
      "g": 255,
      "b": 255,
      "a": 255
    },
    "_spriteFrame": {
      "__uuid__": "99445eaf-8dbc-4dc8-88fa-af590fa18f50@f9941",
      "__expectedType__": "cc.SpriteFrame"
    },
    "_type": 0,
    "_fillType": 0,
    "_sizeMode": 1,
    "_fillCenter": {
      "__type__": "cc.Vec2",
      "x": 0,
      "y": 0
    },
    "_fillStart": 0,
    "_fillRange": 0,
    "_isTrimmedMode": true,
    "_useGrayscale": false,
    "_atlas": null,
    "_id": "07A2ZnyCxMTq3qwHih5XA6"
  },
  {
    "__type__": "cc.UITransform",
    "_name": "",
    "_objFlags": 0,
    "node": {
      "__id__": 225
    },
    "_enabled": true,
    "__prefab": null,
    "_contentSize": {
      "__type__": "cc.Size",
      "width": 559,
      "height": 258
    },
    "_anchorPoint": {
      "__type__": "cc.Vec2",
      "x": 0.5,
      "y": 0.5
    },
    "_id": "fawJJBzu5NF7kuNyqwxHtE"
  },
  {
    "__type__": "cc.Sprite",
    "_name": "",
    "_objFlags": 0,
    "node": {
      "__id__": 225
    },
    "_enabled": true,
    "__prefab": null,
    "_visFlags": 0,
    "_customMaterial": null,
    "_srcBlendFactor": 2,
    "_dstBlendFactor": 4,
    "_color": {
      "__type__": "cc.Color",
      "r": 255,
      "g": 255,
      "b": 255,
      "a": 255
    },
    "_spriteFrame": {
      "__uuid__": "f149ec15-2f18-41e2-8192-934091d845b6@f9941",
      "__expectedType__": "cc.SpriteFrame"
    },
    "_type": 0,
    "_fillType": 0,
    "_sizeMode": 1,
    "_fillCenter": {
      "__type__": "cc.Vec2",
      "x": 0,
      "y": 0
    },
    "_fillStart": 0,
    "_fillRange": 0,
    "_isTrimmedMode": true,
    "_useGrayscale": false,
    "_atlas": null,
    "_id": "35Y5SZ/GtFB6cOE+BRrI9H"
  },
  {
    "__type__": "cc.UITransform",
    "_name": "",
    "_objFlags": 0,
    "node": {
      "__id__": 5
    },
    "_enabled": true,
    "__prefab": null,
    "_contentSize": {
      "__type__": "cc.Size",
      "width": 750,
      "height": 1624
    },
    "_anchorPoint": {
      "__type__": "cc.Vec2",
      "x": 0.5,
      "y": 0.5
    },
    "_id": "f8PlaPWsdE/oDBpYit45K5"
  },
  {
    "__type__": "cc.Layout",
    "_name": "",
    "_objFlags": 0,
    "node": {
      "__id__": 5
    },
    "_enabled": true,
    "__prefab": null,
    "_resizeMode": 0,
    "_layoutType": 0,
    "_cellSize": {
      "__type__": "cc.Size",
      "width": 40,
      "height": 40
    },
    "_startAxis": 0,
    "_paddingLeft": 0,
    "_paddingRight": 0,
    "_paddingTop": 0,
    "_paddingBottom": 0,
    "_spacingX": 0,
    "_spacingY": 0,
    "_verticalDirection": 1,
    "_horizontalDirection": 0,
    "_constraint": 0,
    "_constraintNum": 2,
    "_affectedByScale": false,
    "_isAlign": false,
    "_id": "93l2wrMRVIPLmPrwZbMz+q"
  },
  {
    "__type__": "cc.Widget",
    "_name": "",
    "_objFlags": 0,
    "node": {
      "__id__": 5
    },
    "_enabled": true,
    "__prefab": null,
    "_alignFlags": 1,
    "_target": null,
    "_left": 0,
    "_right": 0,
    "_top": 0,
    "_bottom": -145,
    "_horizontalCenter": 0,
    "_verticalCenter": 0,
    "_isAbsLeft": true,
    "_isAbsRight": true,
    "_isAbsTop": true,
    "_isAbsBottom": true,
    "_isAbsHorizontalCenter": true,
    "_isAbsVerticalCenter": true,
    "_originalWidth": 0,
    "_originalHeight": 1624,
    "_alignMode": 2,
    "_lockFlags": 0,
    "_id": "85h7fW83ZG0pqyPcOn4jQw"
  },
  {
    "__type__": "cc.UITransform",
    "_name": "",
    "_objFlags": 0,
    "node": {
      "__id__": 2
    },
    "_enabled": true,
    "__prefab": null,
    "_contentSize": {
      "__type__": "cc.Size",
      "width": 750,
      "height": 1334
    },
    "_anchorPoint": {
      "__type__": "cc.Vec2",
      "x": 0.5,
      "y": 0.5
    },
    "_id": "27qymfIydKraLUB6ge+fj9"
  },
  {
    "__type__": "cc.Canvas",
    "_name": "",
    "_objFlags": 0,
    "node": {
      "__id__": 2
    },
    "_enabled": true,
    "__prefab": null,
    "_cameraComponent": {
      "__id__": 4
    },
    "_alignCanvasWithScreen": true,
    "_id": "dco0/AmFJGyrL0IqEBkWlt"
  },
  {
    "__type__": "cc.Widget",
    "_name": "",
    "_objFlags": 0,
    "node": {
      "__id__": 2
    },
    "_enabled": true,
    "__prefab": null,
    "_alignFlags": 45,
    "_target": null,
    "_left": 0,
    "_right": 0,
    "_top": 0,
    "_bottom": 0,
    "_horizontalCenter": 0,
    "_verticalCenter": 0,
    "_isAbsLeft": true,
    "_isAbsRight": true,
    "_isAbsTop": true,
    "_isAbsBottom": true,
    "_isAbsHorizontalCenter": true,
    "_isAbsVerticalCenter": true,
    "_originalWidth": 0,
    "_originalHeight": 0,
    "_alignMode": 2,
    "_lockFlags": 0,
    "_id": "3c7cq1mlpPr7/KXpE+JIwf"
  },
  {
    "__type__": "919e749M6lMxrqiZyYep5sk",
    "_name": "",
    "_objFlags": 0,
    "node": {
      "__id__": 2
    },
    "_enabled": true,
    "__prefab": null,
    "myHook": {
      "__id__": 183
    },
    "_id": "93iK1A3TpNAamKUUXLk8Mh"
  },
  {
    "__type__": "cc.PrefabInfo",
    "fileId": "3a9dd2f8-d199-4f9d-99b1-087c074a2237",
    "nestedPrefabInstanceRoots": [
      {
        "__id__": 10
      },
      {
        "__id__": 18
      },
      {
        "__id__": 26
      },
      {
        "__id__": 34
      },
      {
        "__id__": 42
      },
      {
        "__id__": 50
      },
      {
        "__id__": 58
      },
      {
        "__id__": 66
      },
      {
        "__id__": 74
      },
      {
        "__id__": 82
      },
      {
        "__id__": 90
      },
      {
        "__id__": 98
      },
      {
        "__id__": 106
      },
      {
        "__id__": 114
      },
      {
        "__id__": 122
      },
      {
        "__id__": 130
      },
      {
        "__id__": 138
      },
      {
        "__id__": 146
      },
      {
        "__id__": 154
      },
      {
        "__id__": 162
      }
    ]
  },
  {
    "__type__": "cc.SceneGlobals",
    "ambient": {
      "__id__": 240
    },
    "shadows": {
      "__id__": 241
    },
    "_skybox": {
      "__id__": 242
    },
    "fog": {
      "__id__": 243
    },
    "octree": {
      "__id__": 244
    }
  },
  {
    "__type__": "cc.AmbientInfo",
    "_skyColorHDR": {
      "__type__": "cc.Vec4",
      "x": 0,
      "y": 0,
      "z": 0,
      "w": 0.520833125
    },
    "_skyColor": {
      "__type__": "cc.Vec4",
      "x": 0,
      "y": 0,
      "z": 0,
      "w": 0.520833125
    },
    "_skyIllumHDR": 20000,
    "_skyIllum": 20000,
    "_groundAlbedoHDR": {
      "__type__": "cc.Vec4",
      "x": 0,
      "y": 0,
      "z": 0,
      "w": 0
    },
    "_groundAlbedo": {
      "__type__": "cc.Vec4",
      "x": 0,
      "y": 0,
      "z": 0,
      "w": 0
    },
    "_skyColorLDR": {
      "__type__": "cc.Vec4",
      "x": 0.2,
      "y": 0.5,
      "z": 0.8,
      "w": 1
    },
    "_skyIllumLDR": 20000,
    "_groundAlbedoLDR": {
      "__type__": "cc.Vec4",
      "x": 0.2,
      "y": 0.2,
      "z": 0.2,
      "w": 1
    }
  },
  {
    "__type__": "cc.ShadowsInfo",
    "_type": 0,
    "_enabled": false,
    "_normal": {
      "__type__": "cc.Vec3",
      "x": 0,
      "y": 1,
      "z": 0
    },
    "_distance": 0,
    "_shadowColor": {
      "__type__": "cc.Color",
      "r": 76,
      "g": 76,
      "b": 76,
      "a": 255
    },
    "_firstSetCSM": false,
    "_fixedArea": false,
    "_pcf": 0,
    "_bias": 0.00001,
    "_normalBias": 0,
    "_near": 1,
    "_far": 30,
    "_shadowDistance": 100,
    "_invisibleOcclusionRange": 200,
    "_orthoSize": 5,
    "_maxReceived": 4,
    "_size": {
      "__type__": "cc.Vec2",
      "x": 512,
      "y": 512
    },
    "_saturation": 0.75
  },
  {
    "__type__": "cc.SkyboxInfo",
    "_applyDiffuseMap": false,
    "_envmapHDR": null,
    "_envmap": null,
    "_envmapLDR": null,
    "_diffuseMapHDR": null,
    "_diffuseMapLDR": null,
    "_enabled": false,
    "_useIBL": false,
    "_useHDR": true
  },
  {
    "__type__": "cc.FogInfo",
    "_type": 0,
    "_fogColor": {
      "__type__": "cc.Color",
      "r": 200,
      "g": 200,
      "b": 200,
      "a": 255
    },
    "_enabled": false,
    "_fogDensity": 0.3,
    "_fogStart": 0.5,
    "_fogEnd": 300,
    "_fogAtten": 5,
    "_fogTop": 1.5,
    "_fogRange": 1.2,
    "_accurate": false
  },
  {
    "__type__": "cc.OctreeInfo",
    "_enabled": false,
    "_minPos": {
      "__type__": "cc.Vec3",
      "x": -1024,
      "y": -1024,
      "z": -1024
    },
    "_maxPos": {
      "__type__": "cc.Vec3",
      "x": 1024,
      "y": 1024,
      "z": 1024
    },
    "_depth": 8
  }
]