[
    1,
    [
        "4eSYQmh2VE+oNkayF2udL1@6c48a"
    ],
    [
        "_textureSource"
    ],
    [
        "cc.SpriteFrame"
    ],
    0,
    [
        {
            "name": "fruit_10",
            "rect": {
                "x": 3,
                "y": 5,
                "width": 402,
                "height": 400
            },
            "offset": {
                "x": 0,
                "y": -1
            },
            "originalSize": {
                "width": 408,
                "height": 408
            },
            "rotated": false,
            "capInsets": [
                0,
                0,
                0,
                0
            ],
            "packable": true
        }
    ],
    [
        0
    ],
    0,
    [
        0
    ],
    [
        0
    ],
    [
        0
    ]
]
