{
  "log": {
    "level": 4
  },
  "BuildTaskManager": {
    "taskMap": {
      "1653356147253": {
        "id": "1653356147253",
        "progress": 1,
        "state": "success",
        "message": "2022-5-24 10:05 Build success in 14761 ms!",
        "options": {
          "name": "kouhongji",
          "platform": "web-mobile",
          "buildPath": "project://build",
          "debug": false,
          "md5Cache": false,
          "sourceMaps": false,
          "replaceSplashScreen": false,
          "mainBundleCompressionType": "merge_dep",
          "mainBundleIsRemote": false,
          "mergeStartScene": false,
          "experimentalEraseModules": false,
          "compressTexture": true,
          "packAutoAtlas": true,
          "startScene": "4fef6bbe-24f6-464f-ba6a-23ce14a2cc41",
          "scenes": [
            {
              "url": "db://assets/scene/game.scene",
              "uuid": "4fef6bbe-24f6-464f-ba6a-23ce14a2cc41",
              "inBundle": false
            },
            {
              "url": "db://assets/scene/home.scene",
              "uuid": "15e9d1d8-3987-4c14-bbec-add1eb68f4b1",
              "inBundle": false
            }
          ],
          "outputName": "web-mobile",
          "packages": {
            "web-mobile": {
              "orientation": "auto",
              "polyfills": {
                "asyncFunctions": true
              }
            },
            "cocos-service": {}
          }
        },
        "time": "2022-5-24 10:05",
        "dirty": false
      }
    }
  },
  "common": {
    "outputName": "web-mobile",
    "mainBundleCompressionType": "merge_dep",
    "platform": "web-mobile"
  }
}
