[
  {
    "__type__": "cc.Prefab",
    "_name": "",
    "_objFlags": 0,
    "_native": "",
    "data": {
      "__id__": 1
    },
    "optimizationPolicy": 0,
    "persistent": false,
    "asyncLoadAssets": false
  },
  {
    "__type__": "cc.Node",
    "_name": "plane03",
    "_objFlags": 0,
    "__editorExtras__": {},
    "_parent": null,
    "_children": [
      {
        "__id__": 2
      }
    ],
    "_active": true,
    "_components": [
      {
        "__id__": 15
      },
      {
        "__id__": 17
      },
      {
        "__id__": 19
      }
    ],
    "_prefab": {
      "__id__": 21
    },
    "_lpos": {
      "__type__": "cc.Vec3",
      "x": 0,
      "y": 0,
      "z": 0
    },
    "_lrot": {
      "__type__": "cc.Quat",
      "x": 0,
      "y": 0,
      "z": 0,
      "w": 1
    },
    "_lscale": {
      "__type__": "cc.Vec3",
      "x": 1,
      "y": 1,
      "z": 1
    },
    "_layer": 1073741824,
    "_euler": {
      "__type__": "cc.Vec3",
      "x": 0,
      "y": 0,
      "z": 0
    },
    "_id": ""
  },
  {
    "__type__": "cc.Node",
    "_objFlags": 0,
    "_parent": {
      "__id__": 1
    },
    "_prefab": {
      "__id__": 3
    }
  },
  {
    "__type__": "cc.PrefabInfo",
    "root": {
      "__id__": 2
    },
    "asset": {
      "__uuid__": "c0107fed-bcf3-44d3-a0dd-827177eb8bb6@eefaf",
      "__expectedType__": "cc.Prefab"
    },
    "fileId": "90IXaYLIVcI4yzETzq1ErR",
    "instance": {
      "__id__": 4
    }
  },
  {
    "__type__": "cc.PrefabInstance",
    "fileId": "d9dUZ4uKVCMIHsEZUcwoMw",
    "prefabRootNode": {
      "__id__": 1
    },
    "mountedChildren": [],
    "mountedComponents": [],
    "propertyOverrides": [
      {
        "__id__": 5
      },
      {
        "__id__": 7
      },
      {
        "__id__": 8
      },
      {
        "__id__": 9
      },
      {
        "__id__": 10
      },
      {
        "__id__": 12
      },
      {
        "__id__": 14
      }
    ],
    "removedComponents": []
  },
  {
    "__type__": "CCPropertyOverrideInfo",
    "targetInfo": {
      "__id__": 6
    },
    "propertyPath": [
      "_name"
    ],
    "value": "body"
  },
  {
    "__type__": "cc.TargetInfo",
    "localID": [
      "90IXaYLIVcI4yzETzq1ErR"
    ]
  },
  {
    "__type__": "CCPropertyOverrideInfo",
    "targetInfo": {
      "__id__": 6
    },
    "propertyPath": [
      "_lpos"
    ],
    "value": {
      "__type__": "cc.Vec3",
      "x": 0,
      "y": 0,
      "z": 0
    }
  },
  {
    "__type__": "CCPropertyOverrideInfo",
    "targetInfo": {
      "__id__": 6
    },
    "propertyPath": [
      "_lrot"
    ],
    "value": {
      "__type__": "cc.Quat",
      "x": 0,
      "y": 0,
      "z": 0,
      "w": 1
    }
  },
  {
    "__type__": "CCPropertyOverrideInfo",
    "targetInfo": {
      "__id__": 6
    },
    "propertyPath": [
      "_euler"
    ],
    "value": {
      "__type__": "cc.Vec3",
      "x": 0,
      "y": 0,
      "z": 0
    }
  },
  {
    "__type__": "CCPropertyOverrideInfo",
    "targetInfo": {
      "__id__": 11
    },
    "propertyPath": [
      "_lscale"
    ],
    "value": {
      "__type__": "cc.Vec3",
      "x": 5,
      "y": 5,
      "z": 5
    }
  },
  {
    "__type__": "cc.TargetInfo",
    "localID": [
      "52uRj9NnFRK4FMH+UQpB8J"
    ]
  },
  {
    "__type__": "CCPropertyOverrideInfo",
    "targetInfo": {
      "__id__": 13
    },
    "propertyPath": [
      "_materials",
      "0"
    ],
    "value": {
      "__uuid__": "4ef674e6-f88a-4121-a219-8fa80db1143d",
      "__expectedType__": "cc.Material"
    }
  },
  {
    "__type__": "cc.TargetInfo",
    "localID": [
      "4aFAHJ1zpRXr90ALQQbW1o"
    ]
  },
  {
    "__type__": "CCPropertyOverrideInfo",
    "targetInfo": {
      "__id__": 11
    },
    "propertyPath": [
      "_lpos"
    ],
    "value": {
      "__type__": "cc.Vec3",
      "x": 0,
      "y": 0,
      "z": 0
    }
  },
  {
    "__type__": "e65f5hSwRdBLqTF6Uywbr6x",
    "_name": "",
    "_objFlags": 0,
    "node": {
      "__id__": 1
    },
    "_enabled": true,
    "__prefab": {
      "__id__": 16
    },
    "_id": ""
  },
  {
    "__type__": "cc.CompPrefabInfo",
    "fileId": "4eHsFaZbhOb5swoap7dCYT"
  },
  {
    "__type__": "cc.BoxCollider",
    "_name": "",
    "_objFlags": 0,
    "node": {
      "__id__": 1
    },
    "_enabled": true,
    "__prefab": {
      "__id__": 18
    },
    "_material": null,
    "_isTrigger": true,
    "_center": {
      "__type__": "cc.Vec3",
      "x": 0,
      "y": 0,
      "z": 0
    },
    "_size": {
      "__type__": "cc.Vec3",
      "x": 4.916,
      "y": 1,
      "z": 2.924
    },
    "_id": ""
  },
  {
    "__type__": "cc.CompPrefabInfo",
    "fileId": "52UfS2bPBKv4MYZ+9lM/xp"
  },
  {
    "__type__": "cc.RigidBody",
    "_name": "",
    "_objFlags": 0,
    "node": {
      "__id__": 1
    },
    "_enabled": true,
    "__prefab": {
      "__id__": 20
    },
    "_group": 4,
    "_type": 4,
    "_mass": 1,
    "_allowSleep": true,
    "_linearDamping": 0.1,
    "_angularDamping": 0.1,
    "_useGravity": true,
    "_linearFactor": {
      "__type__": "cc.Vec3",
      "x": 1,
      "y": 1,
      "z": 1
    },
    "_angularFactor": {
      "__type__": "cc.Vec3",
      "x": 1,
      "y": 1,
      "z": 1
    },
    "_id": ""
  },
  {
    "__type__": "cc.CompPrefabInfo",
    "fileId": "08GyCREjFBCo9wZW0JysCk"
  },
  {
    "__type__": "cc.PrefabInfo",
    "root": {
      "__id__": 1
    },
    "asset": {
      "__id__": 0
    },
    "fileId": "d1sbTcjolMnr6PAkymA6OE",
    "nestedPrefabInstanceRoots": [
      {
        "__id__": 2
      }
    ]
  }
]