[
    1,
    [
        "51xPsYDNJIKqy//GTM12uo@6c48a"
    ],
    [
        "_textureSource"
    ],
    [
        "cc.SpriteFrame"
    ],
    0,
    [
        {
            "name": "button_start",
            "rect": {
                "x": 0,
                "y": 0,
                "width": 257,
                "height": 100
            },
            "offset": {
                "x": 0,
                "y": 0
            },
            "originalSize": {
                "width": 257,
                "height": 100
            },
            "rotated": false,
            "capInsets": [
                0,
                0,
                0,
                0
            ],
            "packable": true
        }
    ],
    [
        0
    ],
    0,
    [
        0
    ],
    [
        0
    ],
    [
        0
    ]
]
