[
    1,
    [
        "f1SewVLxhB4oGSk0CR2EW2@6c48a"
    ],
    [
        "_textureSource"
    ],
    [
        "cc.SpriteFrame"
    ],
    0,
    [
        {
            "name": "loading_house",
            "rect": {
                "x": 1,
                "y": 0,
                "width": 559,
                "height": 258
            },
            "offset": {
                "x": 0,
                "y": 3
            },
            "originalSize": {
                "width": 561,
                "height": 264
            },
            "rotated": false,
            "capInsets": [
                0,
                0,
                0,
                0
            ],
            "packable": true
        }
    ],
    [
        0
    ],
    0,
    [
        0
    ],
    [
        0
    ],
    [
        0
    ]
]
