[
    1,
    [
        "92duq4a5pI/rlEe/Tfv2Zj@6c48a"
    ],
    [
        "_textureSource"
    ],
    [
        "cc.SpriteFrame"
    ],
    0,
    [
        {
            "name": "fruit_2",
            "rect": {
                "x": 1,
                "y": 1,
                "width": 78,
                "height": 78
            },
            "offset": {
                "x": 0,
                "y": 0
            },
            "originalSize": {
                "width": 80,
                "height": 80
            },
            "rotated": false,
            "capInsets": [
                0,
                0,
                0,
                0
            ],
            "packable": true
        }
    ],
    [
        0
    ],
    0,
    [
        0
    ],
    [
        0
    ],
    [
        0
    ]
]
