[
    1,
    [
        "f5nYxZqxBFYKLHsz/9i+Cs@6c48a"
    ],
    [
        "_textureSource"
    ],
    [
        "cc.SpriteFrame"
    ],
    0,
    [
        {
            "name": "fruit_11",
            "rect": {
                "x": 2,
                "y": 2,
                "width": 404,
                "height": 404
            },
            "offset": {
                "x": 0,
                "y": 0
            },
            "originalSize": {
                "width": 408,
                "height": 408
            },
            "rotated": false,
            "capInsets": [
                0,
                0,
                0,
                0
            ],
            "packable": true
        }
    ],
    [
        0
    ],
    0,
    [
        0
    ],
    [
        0
    ],
    [
        0
    ]
]
