[
    1,
    [
        "afyeMBX8hKxKIrTuCSvrZB@6c48a"
    ],
    [
        "_textureSource"
    ],
    [
        "cc.SpriteFrame"
    ],
    0,
    [
        {
            "name": "bg",
            "rect": {
                "x": 0,
                "y": 0,
                "width": 479,
                "height": 776
            },
            "offset": {
                "x": 0,
                "y": 0
            },
            "originalSize": {
                "width": 479,
                "height": 776
            },
            "rotated": false,
            "capInsets": [
                199,
                419,
                174,
                317
            ],
            "packable": true
        }
    ],
    [
        0
    ],
    0,
    [
        0
    ],
    [
        0
    ],
    [
        0
    ]
]
