{
  "/Users/liuling/学习/cocos/daxigua/assets/audio.meta": {
    "time": 1653381189645.327
  },
  "/Users/liuling/学习/cocos/daxigua/assets/audio": {
    "time": 1653381258668.852,
    "uuid": "883e291a-8206-4312-aef2-dcf709b09060",
    "missing": false
  },
  "/Users/liuling/学习/cocos/daxigua/assets/audio/boom.mp3.meta": {
    "time": 1653381258912.6152
  },
  "/Users/liuling/学习/cocos/daxigua/assets/audio/knock.mp3.meta": {
    "time": 1653381258913.5164
  },
  "/Users/liuling/学习/cocos/daxigua/assets/audio/water.mp3.meta": {
    "time": 1653381258913.306
  },
  "/Users/liuling/学习/cocos/daxigua/assets/audio/boom.mp3": {
    "time": 1613398550000,
    "uuid": "d6a2fd4d-bc07-4872-982b-64f646887f47",
    "missing": false
  },
  "/Users/liuling/学习/cocos/daxigua/assets/audio/water.mp3": {
    "time": 1613398550000,
    "uuid": "53f022e0-7e0f-4f69-86a1-6b730a693134",
    "missing": false
  },
  "/Users/liuling/学习/cocos/daxigua/assets/audio/knock.mp3": {
    "time": 1613398550000,
    "uuid": "86e5ab34-7345-442e-a9a4-ac95c58c694b",
    "missing": false
  },
  "/Users/liuling/学习/cocos/daxigua/assets/img.meta": {
    "time": 1653381397052.192
  },
  "/Users/liuling/学习/cocos/daxigua/assets/img/fruit_1.png.meta": {
    "time": 1653382705629.079
  },
  "/Users/liuling/学习/cocos/daxigua/assets/img/fruit_10.png.meta": {
    "time": 1653382705630.8735
  },
  "/Users/liuling/学习/cocos/daxigua/assets/img/fruit_11.png.meta": {
    "time": 1653382705629.868
  },
  "/Users/liuling/学习/cocos/daxigua/assets/img/fruit_2.png.meta": {
    "time": 1653382705633.401
  },
  "/Users/liuling/学习/cocos/daxigua/assets/img/fruit_3.png.meta": {
    "time": 1653382705652.5122
  },
  "/Users/liuling/学习/cocos/daxigua/assets/img/fruit_4.png.meta": {
    "time": 1653382705654.5874
  },
  "/Users/liuling/学习/cocos/daxigua/assets/img/fruit_5.png.meta": {
    "time": 1653382705657.0952
  },
  "/Users/liuling/学习/cocos/daxigua/assets/img/fruit_6.png.meta": {
    "time": 1653382705656.2798
  },
  "/Users/liuling/学习/cocos/daxigua/assets/img/fruit_7.png.meta": {
    "time": 1653382705660.5054
  },
  "/Users/liuling/学习/cocos/daxigua/assets/img/fruit_8.png.meta": {
    "time": 1653382705671.8088
  },
  "/Users/liuling/学习/cocos/daxigua/assets/img/fruit_9.png.meta": {
    "time": 1653382705673.1003
  },
  "/Users/liuling/学习/cocos/daxigua/assets/img/juice_l_1.png.meta": {
    "time": 1653382705671.2634
  },
  "/Users/liuling/学习/cocos/daxigua/assets/img/juice_l_10.png.meta": {
    "time": 1653382705672.6086
  },
  "/Users/liuling/学习/cocos/daxigua/assets/img/juice_l_2.png.meta": {
    "time": 1653382705680.492
  },
  "/Users/liuling/学习/cocos/daxigua/assets/img/juice_l_3.png.meta": {
    "time": 1653382705685.1658
  },
  "/Users/liuling/学习/cocos/daxigua/assets/img/juice_l_4.png.meta": {
    "time": 1653382705687.237
  },
  "/Users/liuling/学习/cocos/daxigua/assets/img/juice_l_5.png.meta": {
    "time": 1653382705686.2124
  },
  "/Users/liuling/学习/cocos/daxigua/assets/img/juice_l_6.png.meta": {
    "time": 1653382705686.8464
  },
  "/Users/liuling/学习/cocos/daxigua/assets/img/juice_l_7.png.meta": {
    "time": 1653382705699.4656
  },
  "/Users/liuling/学习/cocos/daxigua/assets/img/juice_l_8.png.meta": {
    "time": 1653382705700.5056
  },
  "/Users/liuling/学习/cocos/daxigua/assets/img/juice_l_9.png.meta": {
    "time": 1653382705701.0957
  },
  "/Users/liuling/学习/cocos/daxigua/assets/img/juice_o_1.png.meta": {
    "time": 1654851338759.3457
  },
  "/Users/liuling/学习/cocos/daxigua/assets/img/juice_o_10.png.meta": {
    "time": 1653382705701.5486
  },
  "/Users/liuling/学习/cocos/daxigua/assets/img/juice_o_2.png.meta": {
    "time": 1653382705714.5945
  },
  "/Users/liuling/学习/cocos/daxigua/assets/img/juice_o_3.png.meta": {
    "time": 1653382705715.689
  },
  "/Users/liuling/学习/cocos/daxigua/assets/img/juice_o_4.png.meta": {
    "time": 1653382705716.0593
  },
  "/Users/liuling/学习/cocos/daxigua/assets/img/juice_o_5.png.meta": {
    "time": 1653382705715.2935
  },
  "/Users/liuling/学习/cocos/daxigua/assets/img/juice_o_6.png.meta": {
    "time": 1653382705717.463
  },
  "/Users/liuling/学习/cocos/daxigua/assets/img/juice_o_7.png.meta": {
    "time": 1653382705732.0942
  },
  "/Users/liuling/学习/cocos/daxigua/assets/img/juice_o_8.png.meta": {
    "time": 1653382705735.3562
  },
  "/Users/liuling/学习/cocos/daxigua/assets/img/juice_o_9.png.meta": {
    "time": 1653382705732.6345
  },
  "/Users/liuling/学习/cocos/daxigua/assets/img/juice_q_1.png.meta": {
    "time": 1653382705735.8718
  },
  "/Users/liuling/学习/cocos/daxigua/assets/img/juice_q_10.png.meta": {
    "time": 1653382705745.069
  },
  "/Users/liuling/学习/cocos/daxigua/assets/img/juice_q_2.png.meta": {
    "time": 1653382705758.722
  },
  "/Users/liuling/学习/cocos/daxigua/assets/img/juice_q_3.png.meta": {
    "time": 1653382705760.2195
  },
  "/Users/liuling/学习/cocos/daxigua/assets/img/juice_q_4.png.meta": {
    "time": 1653382705759.5203
  },
  "/Users/liuling/学习/cocos/daxigua/assets/img/juice_q_5.png.meta": {
    "time": 1653382705760.679
  },
  "/Users/liuling/学习/cocos/daxigua/assets/img/juice_q_6.png.meta": {
    "time": 1653382705763.1501
  },
  "/Users/liuling/学习/cocos/daxigua/assets/img/juice_q_7.png.meta": {
    "time": 1653382705771.7778
  },
  "/Users/liuling/学习/cocos/daxigua/assets/img/juice_q_8.png.meta": {
    "time": 1653382705775.857
  },
  "/Users/liuling/学习/cocos/daxigua/assets/img/juice_q_9.png.meta": {
    "time": 1653382705776.337
  },
  "/Users/liuling/学习/cocos/daxigua/assets/img/line.png.meta": {
    "time": 1653382705775.31
  },
  "/Users/liuling/学习/cocos/daxigua/assets/img": {
    "time": 1653381397048.9453,
    "uuid": "e0e4bbaa-4c51-40bd-ad73-501a43dc70cd",
    "missing": false
  },
  "/Users/liuling/学习/cocos/daxigua/assets/img/fruit_1.png": {
    "time": 1613398550000,
    "uuid": "40712ba9-1dc5-4b64-9a28-09e08e9817d8",
    "missing": false
  },
  "/Users/liuling/学习/cocos/daxigua/assets/img/fruit_11.png": {
    "time": 1613398550000,
    "uuid": "f59d8c59-ab10-4560-a2c7-b33ffd8be0ac",
    "missing": false
  },
  "/Users/liuling/学习/cocos/daxigua/assets/img/fruit_2.png": {
    "time": 1613398550000,
    "uuid": "9276eab8-6b9a-48fe-b944-7bf4dfbf6663",
    "missing": false
  },
  "/Users/liuling/学习/cocos/daxigua/assets/img/fruit_10.png": {
    "time": 1613398550000,
    "uuid": "4e498426-8765-44fa-8364-6b2176b9d2f5",
    "missing": false
  },
  "/Users/liuling/学习/cocos/daxigua/assets/img/fruit_3.png": {
    "time": 1613398550000,
    "uuid": "dd62df0f-3489-4775-8ef0-0fb69a2c6fd9",
    "missing": false
  },
  "/Users/liuling/学习/cocos/daxigua/assets/img/fruit_4.png": {
    "time": 1613398550000,
    "uuid": "0ececab5-e928-4bc5-aac4-b6b2ec3ce7a4",
    "missing": false
  },
  "/Users/liuling/学习/cocos/daxigua/assets/img/fruit_8.png": {
    "time": 1613398550000,
    "uuid": "97da9e22-5d60-4e3e-958d-43f2f293a5bf",
    "missing": false
  },
  "/Users/liuling/学习/cocos/daxigua/assets/img/fruit_7.png": {
    "time": 1613398550000,
    "uuid": "ea84639f-6d69-40e5-943b-ab56e1ab0d61",
    "missing": false
  },
  "/Users/liuling/学习/cocos/daxigua/assets/img/fruit_5.png": {
    "time": 1613398550000,
    "uuid": "d1006be0-179a-4cdd-b769-2dd35f0a3178",
    "missing": false
  },
  "/Users/liuling/学习/cocos/daxigua/assets/img/fruit_6.png": {
    "time": 1613398550000,
    "uuid": "5544a7ed-4c52-4530-bd6d-69d54c4b5b01",
    "missing": false
  },
  "/Users/liuling/学习/cocos/daxigua/assets/img/juice_l_10.png": {
    "time": 1613398550000,
    "uuid": "291d144d-23f4-4a30-9ac3-7f6dd8716527",
    "missing": false
  },
  "/Users/liuling/学习/cocos/daxigua/assets/img/juice_l_1.png": {
    "time": 1613398550000,
    "uuid": "38c13875-d8af-4b15-aaad-6a4c3c20dfca",
    "missing": false
  },
  "/Users/liuling/学习/cocos/daxigua/assets/img/fruit_9.png": {
    "time": 1613398550000,
    "uuid": "7268c0a4-a983-4486-ac9e-1ee87f4969d7",
    "missing": false
  },
  "/Users/liuling/学习/cocos/daxigua/assets/img/juice_l_2.png": {
    "time": 1613398550000,
    "uuid": "8045d68e-8fc5-4193-821e-e39d857e7210",
    "missing": false
  },
  "/Users/liuling/学习/cocos/daxigua/assets/img/juice_l_3.png": {
    "time": 1613398550000,
    "uuid": "18e4cab2-5ebb-4c74-99b0-7c53806bb5c6",
    "missing": false
  },
  "/Users/liuling/学习/cocos/daxigua/assets/img/juice_l_7.png": {
    "time": 1613398550000,
    "uuid": "acf8af02-3482-47de-85b5-b1e1bd2dba78",
    "missing": false
  },
  "/Users/liuling/学习/cocos/daxigua/assets/img/juice_l_5.png": {
    "time": 1613398550000,
    "uuid": "d17bb0e0-746e-4375-bc40-953654b36aa3",
    "missing": false
  },
  "/Users/liuling/学习/cocos/daxigua/assets/img/juice_l_6.png": {
    "time": 1613398550000,
    "uuid": "9836a2fb-f270-496b-a5fc-1cdd750ed2d7",
    "missing": false
  },
  "/Users/liuling/学习/cocos/daxigua/assets/img/juice_l_4.png": {
    "time": 1613398550000,
    "uuid": "74fc6cdc-80f1-478b-9154-40e82b09ce9c",
    "missing": false
  },
  "/Users/liuling/学习/cocos/daxigua/assets/img/juice_l_8.png": {
    "time": 1613398550000,
    "uuid": "70a283c8-47dd-4973-b4c4-efad20b53026",
    "missing": false
  },
  "/Users/liuling/学习/cocos/daxigua/assets/img/juice_l_9.png": {
    "time": 1613398550000,
    "uuid": "b9cd8b55-9f70-4a3c-8876-dfc83e96f359",
    "missing": false
  },
  "/Users/liuling/学习/cocos/daxigua/assets/img/juice_o_10.png": {
    "time": 1613398550000,
    "uuid": "2ff5c5de-f83c-4d3b-84b1-a56fbc7686f3",
    "missing": false
  },
  "/Users/liuling/学习/cocos/daxigua/assets/img/juice_o_1.png": {
    "time": 1613398550000,
    "uuid": "868736ca-22ff-4417-a15a-505138bd0544",
    "missing": false
  },
  "/Users/liuling/学习/cocos/daxigua/assets/img/juice_o_2.png": {
    "time": 1613398550000,
    "uuid": "2aabffe5-0f9c-4359-bc47-504ba1e23a9a",
    "missing": false
  },
  "/Users/liuling/学习/cocos/daxigua/assets/img/juice_o_3.png": {
    "time": 1613398550000,
    "uuid": "0425afc3-94bd-4ea8-bd56-9d59670b6e0d",
    "missing": false
  },
  "/Users/liuling/学习/cocos/daxigua/assets/img/juice_o_4.png": {
    "time": 1613398550000,
    "uuid": "62a25cdc-75fb-480e-bb8b-e62aab480af6",
    "missing": false
  },
  "/Users/liuling/学习/cocos/daxigua/assets/img/juice_o_8.png": {
    "time": 1613398550000,
    "uuid": "d5ca769d-8695-455b-b601-a6238d6759ec",
    "missing": false
  },
  "/Users/liuling/学习/cocos/daxigua/assets/img/juice_o_7.png": {
    "time": 1613398550000,
    "uuid": "47d5046d-9024-4c2d-a897-8233a43f1e3b",
    "missing": false
  },
  "/Users/liuling/学习/cocos/daxigua/assets/img/juice_o_6.png": {
    "time": 1613398550000,
    "uuid": "cafb05b4-0b7b-423a-9c78-65a4ff6bb33a",
    "missing": false
  },
  "/Users/liuling/学习/cocos/daxigua/assets/img/juice_o_5.png": {
    "time": 1613398550000,
    "uuid": "9d0e26bf-6ec3-4cbc-bc8b-0b8b9ae8b396",
    "missing": false
  },
  "/Users/liuling/学习/cocos/daxigua/assets/img/juice_o_9.png": {
    "time": 1613398550000,
    "uuid": "8fc81e5e-a9a4-4b21-9c8c-54f91a89d91f",
    "missing": false
  },
  "/Users/liuling/学习/cocos/daxigua/assets/img/juice_q_10.png": {
    "time": 1613398550000,
    "uuid": "a27e2274-a7fa-4924-b394-a106e6963cda",
    "missing": false
  },
  "/Users/liuling/学习/cocos/daxigua/assets/img/juice_q_2.png": {
    "time": 1613398550000,
    "uuid": "62c078cf-5378-4439-8528-509eec7c101f",
    "missing": false
  },
  "/Users/liuling/学习/cocos/daxigua/assets/img/juice_q_1.png": {
    "time": 1613398550000,
    "uuid": "d8c46788-e3bd-43ee-8777-915972db22f0",
    "missing": false
  },
  "/Users/liuling/学习/cocos/daxigua/assets/img/juice_q_3.png": {
    "time": 1613398550000,
    "uuid": "06335b36-ec10-4969-ba75-eafe131bb924",
    "missing": false
  },
  "/Users/liuling/学习/cocos/daxigua/assets/img/juice_q_4.png": {
    "time": 1613398550000,
    "uuid": "3cc7c49d-3e3c-4c01-a52c-846205aa9385",
    "missing": false
  },
  "/Users/liuling/学习/cocos/daxigua/assets/img/juice_q_8.png": {
    "time": 1613398550000,
    "uuid": "6194c0a4-69ec-431b-9c2e-e00b61f821c6",
    "missing": false
  },
  "/Users/liuling/学习/cocos/daxigua/assets/img/juice_q_5.png": {
    "time": 1613398550000,
    "uuid": "cd987a16-a901-45d2-b8d0-2219530fedee",
    "missing": false
  },
  "/Users/liuling/学习/cocos/daxigua/assets/img/juice_q_6.png": {
    "time": 1613398550000,
    "uuid": "7c283b26-4bb4-42a0-85a2-2d55ff676af3",
    "missing": false
  },
  "/Users/liuling/学习/cocos/daxigua/assets/img/juice_q_7.png": {
    "time": 1613398550000,
    "uuid": "c8d85849-f152-4f9a-9139-b3e4a612a377",
    "missing": false
  },
  "/Users/liuling/学习/cocos/daxigua/assets/img/line.png": {
    "time": 1613398550000,
    "uuid": "f87d7ec2-c986-4ec6-982a-1372689f1634",
    "missing": false
  },
  "/Users/liuling/学习/cocos/daxigua/assets/img/juice_q_9.png": {
    "time": 1613398550000,
    "uuid": "1d122782-1f47-455c-966d-4351a6c6234f",
    "missing": false
  },
  "/Users/liuling/学习/cocos/daxigua/assets/scene.meta": {
    "time": 1653381866299.7227
  },
  "/Users/liuling/学习/cocos/daxigua/assets/scene": {
    "time": 1653469301385.3252,
    "uuid": "63b3957d-efd9-4406-a78f-78958a68c722",
    "missing": false
  },
  "/Users/liuling/学习/cocos/daxigua/assets/scene/game.scene.meta": {
    "time": 1653382705769.3782
  },
  "/Users/liuling/学习/cocos/daxigua/assets/scene/game.scene": {
    "time": 1655118271809.0605,
    "uuid": "e5a1912b-976d-40ff-badf-57020669bc9b",
    "missing": false
  },
  "/Users/liuling/学习/cocos/daxigua/assets/font.meta": {
    "time": 1653381898507.529
  },
  "/Users/liuling/学习/cocos/daxigua/assets/font": {
    "time": 1653381920647.339,
    "uuid": "c091904a-b9a9-4823-9088-e97d3f2a114f",
    "missing": false
  },
  "/Users/liuling/学习/cocos/daxigua/assets/font/myFont.fnt.meta": {
    "time": 1653381920678.7302
  },
  "/Users/liuling/学习/cocos/daxigua/assets/font/myFont.png.meta": {
    "time": 1653382705644.1338
  },
  "/Users/liuling/学习/cocos/daxigua/assets/font/myFont.fnt": {
    "time": 1613398550000,
    "uuid": "abe3f18f-121b-47f6-8fde-cb5b28cff15c",
    "missing": false
  },
  "/Users/liuling/学习/cocos/daxigua/assets/font/myFont.png": {
    "time": 1613398550000,
    "uuid": "b70d8666-63f8-4b27-9409-085d67e65e5a",
    "missing": false
  },
  "/Users/liuling/学习/cocos/daxigua/assets/script.meta": {
    "time": 1653384157411.7898
  },
  "/Users/liuling/学习/cocos/daxigua/assets/script": {
    "time": 1655113889455.491,
    "uuid": "d923b553-8b57-4cd0-a610-2ba294b953d9",
    "missing": false
  },
  "/Users/liuling/学习/cocos/daxigua/assets/script/physitMar.ts.meta": {
    "time": 1653384197796.8115
  },
  "/Users/liuling/学习/cocos/daxigua/assets/script/physitMar.ts": {
    "time": 1655118133606.0342,
    "uuid": "26759589-cc0f-484f-9c02-52294e70dd62",
    "missing": false
  },
  "/Users/liuling/学习/cocos/daxigua/assets/script/itemContent.ts.meta": {
    "time": 1653385524179.8823
  },
  "/Users/liuling/学习/cocos/daxigua/assets/script/itemContent.ts": {
    "time": 1655115538990.7183,
    "uuid": "8ad141f1-cb16-410c-aa5c-5e66016673c6",
    "missing": false
  },
  "/Users/liuling/学习/cocos/daxigua/assets/prefab.meta": {
    "time": 1653386121021.1284
  },
  "/Users/liuling/学习/cocos/daxigua/assets/prefab": {
    "time": 1655101921414.291,
    "uuid": "55ff0bad-8ad1-477d-b242-788578097e19",
    "missing": false
  },
  "/Users/liuling/学习/cocos/daxigua/assets/prefab/fruit_2.prefab.meta": {
    "time": 1654154830232.8013
  },
  "/Users/liuling/学习/cocos/daxigua/assets/prefab/fruit_2.prefab": {
    "time": 1654154850307.6743,
    "uuid": "9f273b89-1ec4-45e8-a030-cbc8357e56b0",
    "missing": false
  },
  "/Users/liuling/学习/cocos/daxigua/assets/prefab/fruit_1.prefab.meta": {
    "time": 1654660797264.7449
  },
  "/Users/liuling/学习/cocos/daxigua/assets/prefab/fruit_1.prefab": {
    "time": 1654660797263.232,
    "uuid": "7bfecbeb-4eaa-48ac-a90b-d2393b889d0d",
    "missing": false
  },
  "/Users/liuling/学习/cocos/daxigua/assets/script/effectscc.ts.meta": {
    "time": 1655085329293.1555
  },
  "/Users/liuling/学习/cocos/daxigua/assets/script/effectscc.ts": {
    "time": 1655110645156.0474,
    "uuid": "ed352ae4-c3ba-4d8d-b485-2f5ec7117aec",
    "missing": false
  },
  "/Users/liuling/学习/cocos/daxigua/assets/prefab/effects.prefab.meta": {
    "time": 1655101921424.2915
  },
  "/Users/liuling/学习/cocos/daxigua/assets/prefab/effects.prefab": {
    "time": 1655101921422.8926,
    "uuid": "93d3fddc-9ebf-40fc-af8e-3be10b5b43d4",
    "missing": false
  },
  "/Users/liuling/学习/cocos/daxigua/assets/script/AudioManger.ts.meta": {
    "time": 1655113889467.5696
  },
  "/Users/liuling/学习/cocos/daxigua/assets/script/AudioManger.ts": {
    "time": 1655113906162.2239,
    "uuid": "3db3f6a3-c7ae-420c-867a-996e81ebc4c7",
    "missing": false
  }
}
