[
    1,
    [
        "5cpQuk3O5DKLV4kqkw0zuH@6c48a"
    ],
    [
        "_textureSource"
    ],
    [
        "cc.SpriteFrame"
    ],
    0,
    [
        {
            "name": "Lipstick_1",
            "rect": {
                "x": 0,
                "y": 1,
                "width": 66,
                "height": 244
            },
            "offset": {
                "x": 0,
                "y": -0.5
            },
            "originalSize": {
                "width": 66,
                "height": 245
            },
            "rotated": false,
            "capInsets": [
                0,
                0,
                0,
                0
            ],
            "packable": true
        }
    ],
    [
        0
    ],
    0,
    [
        0
    ],
    [
        0
    ],
    [
        0
    ]
]
