{
  "/Users/liuling/学习/cocos/jichu/assets/res.meta": {
    "time": 1650598906662.1565
  },
  "/Users/liuling/学习/cocos/jichu/assets/res": {
    "time": 1650598921712.774,
    "uuid": "ca09c93c-f758-475b-81bc-5955d3962481",
    "missing": false
  },
  "/Users/liuling/学习/cocos/jichu/assets/res/img.meta": {
    "time": 1650598918684.619
  },
  "/Users/liuling/学习/cocos/jichu/assets/res/longgu.meta": {
    "time": 1650598918690.6519
  },
  "/Users/liuling/学习/cocos/jichu/assets/res/sound.meta": {
    "time": 1650598918690.9937
  },
  "/Users/liuling/学习/cocos/jichu/assets/res/img/1.png.meta": {
    "time": 1650598918752.673
  },
  "/Users/liuling/学习/cocos/jichu/assets/res/img/2.png.meta": {
    "time": 1650598918745.6777
  },
  "/Users/liuling/学习/cocos/jichu/assets/res/img/bg@2x.png.meta": {
    "time": 1650598918739.3965
  },
  "/Users/liuling/学习/cocos/jichu/assets/res/img/bird0_0.png.meta": {
    "time": 1650598918738.111
  },
  "/Users/liuling/学习/cocos/jichu/assets/res/img/bird0_1.png.meta": {
    "time": 1650598918751.2952
  },
  "/Users/liuling/学习/cocos/jichu/assets/res/img/bird0_2.png.meta": {
    "time": 1650598918772.1167
  },
  "/Users/liuling/学习/cocos/jichu/assets/res/img/btn_click@2x.png.meta": {
    "time": 1650598918772.645
  },
  "/Users/liuling/学习/cocos/jichu/assets/res/img/btn_unclick@2x.png.meta": {
    "time": 1650598918772.3933
  },
  "/Users/liuling/学习/cocos/jichu/assets/res/img/hero1.png.meta": {
    "time": 1650598918771.0203
  },
  "/Users/liuling/学习/cocos/jichu/assets/res/img/jindutiao.png.meta": {
    "time": 1650598918825.1604
  },
  "/Users/liuling/学习/cocos/jichu/assets/res/img/jindutiaobg.png.meta": {
    "time": 1650598918932.1296
  },
  "/Users/liuling/学习/cocos/jichu/assets/res/img/srk@2x.png.meta": {
    "time": 1650598918921.966
  },
  "/Users/liuling/学习/cocos/jichu/assets/res/longgu/Demon.atlas.meta": {
    "time": 1650598918873.8328
  },
  "/Users/liuling/学习/cocos/jichu/assets/res/longgu/Demon.json.meta": {
    "time": 1650598918881.89
  },
  "/Users/liuling/学习/cocos/jichu/assets/res/longgu/Demon.png.meta": {
    "time": 1650598919022.2446
  },
  "/Users/liuling/学习/cocos/jichu/assets/res/sound/1.mp3.meta": {
    "time": 1650598918924.4614
  },
  "/Users/liuling/学习/cocos/jichu/assets/res/sound/bgMain.mp3.meta": {
    "time": 1650598918938.6497
  },
  "/Users/liuling/学习/cocos/jichu/assets/res/img": {
    "time": 1652769261926.8987,
    "uuid": "c73b8600-2319-4348-a522-a38bbe05acde",
    "missing": false
  },
  "/Users/liuling/学习/cocos/jichu/assets/res/longgu": {
    "time": 1650598918682.9287,
    "uuid": "1bc59781-dbb8-4318-b0ec-ce06e670ace3",
    "missing": false
  },
  "/Users/liuling/学习/cocos/jichu/assets/res/sound": {
    "time": 1650598918683.2515,
    "uuid": "eda246f6-3974-48c5-874c-fc43dcf37b03",
    "missing": false
  },
  "/Users/liuling/学习/cocos/jichu/assets/res/img/bird0_0.png": {
    "time": 1581002114000,
    "uuid": "85e5cccd-b776-448a-a8a2-48d35b233edb",
    "missing": false
  },
  "/Users/liuling/学习/cocos/jichu/assets/res/img/bg@2x.png": {
    "time": 1587187632000,
    "uuid": "25032d94-6b3c-44ab-901d-3b8550905ff1",
    "missing": false
  },
  "/Users/liuling/学习/cocos/jichu/assets/res/img/2.png": {
    "time": 1588856330000,
    "uuid": "523fd280-f656-4ab6-a109-801e46038d55",
    "missing": false
  },
  "/Users/liuling/学习/cocos/jichu/assets/res/img/bird0_1.png": {
    "time": 1581002114000,
    "uuid": "13244dd7-b154-43d4-8afd-beced9edcb85",
    "missing": false
  },
  "/Users/liuling/学习/cocos/jichu/assets/res/img/1.png": {
    "time": 1588856362000,
    "uuid": "b545d7ae-7717-4869-a4f3-20757e0c234e",
    "missing": false
  },
  "/Users/liuling/学习/cocos/jichu/assets/res/img/hero1.png": {
    "time": 1587998622000,
    "uuid": "b6c05db6-bbd1-4e24-9c83-00825b1817d9",
    "missing": false
  },
  "/Users/liuling/学习/cocos/jichu/assets/res/img/bird0_2.png": {
    "time": 1581002114000,
    "uuid": "7686bc42-d8e4-49ee-8801-6e3555282aa7",
    "missing": false
  },
  "/Users/liuling/学习/cocos/jichu/assets/res/img/btn_unclick@2x.png": {
    "time": 1587187632000,
    "uuid": "df083790-5d17-4ccc-9898-e3457f602d5b",
    "missing": false
  },
  "/Users/liuling/学习/cocos/jichu/assets/res/img/btn_click@2x.png": {
    "time": 1587187632000,
    "uuid": "bc6f37af-c703-468c-ba00-2a052502e6a3",
    "missing": false
  },
  "/Users/liuling/学习/cocos/jichu/assets/res/img/jindutiao.png": {
    "time": 1491894246000,
    "uuid": "12ac72ad-c7bd-4b98-9c1d-0d0012191346",
    "missing": false
  },
  "/Users/liuling/学习/cocos/jichu/assets/res/longgu/Demon.atlas": {
    "time": 1585706948000,
    "uuid": "b7f6b55a-6847-44c7-a700-157a8bbecf5e",
    "missing": false
  },
  "/Users/liuling/学习/cocos/jichu/assets/res/longgu/Demon.json": {
    "time": 1585706948000,
    "uuid": "f8d64700-7e57-45a5-9041-2a31a6359973",
    "missing": false
  },
  "/Users/liuling/学习/cocos/jichu/assets/res/img/srk@2x.png": {
    "time": 1587187632000,
    "uuid": "b94d83f0-4d54-4054-8070-52ed2a28f7b1",
    "missing": false
  },
  "/Users/liuling/学习/cocos/jichu/assets/res/sound/1.mp3": {
    "time": 1587187634000,
    "uuid": "92e7bdbc-3f76-41fc-9c00-2dc17827d2d8",
    "missing": false
  },
  "/Users/liuling/学习/cocos/jichu/assets/res/img/jindutiaobg.png": {
    "time": 1491894246000,
    "uuid": "9f39a91e-f0ac-42b5-9f7c-0c70b61a7c4b",
    "missing": false
  },
  "/Users/liuling/学习/cocos/jichu/assets/res/sound/bgMain.mp3": {
    "time": 1587187634000,
    "uuid": "cb82dd1e-c1d5-436c-958b-c34d4af25b15",
    "missing": false
  },
  "/Users/liuling/学习/cocos/jichu/assets/res/longgu/Demon.png": {
    "time": 1585706948000,
    "uuid": "2c998e50-c191-40f7-9eb4-2aedb605cce5",
    "missing": false
  },
  "/Users/liuling/学习/cocos/jichu/assets/scence.meta": {
    "time": 1650599039071.0269
  },
  "/Users/liuling/学习/cocos/jichu/assets/scence": {
    "time": 1650599051482.7666,
    "uuid": "f7b95794-8569-4539-8c62-e41963018a18",
    "missing": false
  },
  "/Users/liuling/学习/cocos/jichu/assets/scence/home.scene.meta": {
    "time": 1650599051489.6348
  },
  "/Users/liuling/学习/cocos/jichu/assets/scence/home.scene": {
    "time": 1652953320523.8726,
    "uuid": "6b683e7b-5bf2-4dd6-8295-8748b6102ed6",
    "missing": false
  },
  "/Users/liuling/学习/cocos/jichu/assets/scripts.meta": {
    "time": 1650786577138.7024
  },
  "/Users/liuling/学习/cocos/jichu/assets/scripts": {
    "time": 1652857442031.3743,
    "uuid": "d4c55d47-7337-4e7f-8baf-a2a4cc25e80c",
    "missing": false
  },
  "/Users/liuling/学习/cocos/jichu/assets/scripts/addhuiji.ts.meta": {
    "time": 1650786596468.3599
  },
  "/Users/liuling/学习/cocos/jichu/assets/scripts/addhuiji.ts": {
    "time": 1652769694080.0671,
    "uuid": "0c96380c-ebd6-4f66-84f0-a43b0e56042e",
    "missing": false
  },
  "/Users/liuling/学习/cocos/jichu/assets/feiji.prefab.meta": {
    "time": 1650786894444.4192
  },
  "/Users/liuling/学习/cocos/jichu/assets/feiji.prefab": {
    "time": 1650786894433.9072,
    "uuid": "57b98b0e-4e50-4c8f-a1ce-4d44bbbde82c",
    "missing": false
  },
  "/Users/liuling/学习/cocos/jichu/assets/scripts/ResMg.ts.meta": {
    "time": 1652686558384.0654
  },
  "/Users/liuling/学习/cocos/jichu/assets/scripts/ResMg.ts": {
    "time": 1652769495351.3,
    "uuid": "6c1de08c-dc79-42d2-83a9-b8c58cc34e58",
    "missing": false
  },
  "/Users/liuling/学习/cocos/jichu/assets/res/img/huanxing.png.meta": {
    "time": 1652769262050.3047
  },
  "/Users/liuling/学习/cocos/jichu/assets/res/img/huanxing.png": {
    "time": 1652769144301.2214,
    "uuid": "3b9eb521-70ae-4cc8-a61c-595dbb3a5cd5",
    "missing": false
  },
  "/Users/liuling/学习/cocos/jichu/assets/scripts/huangxing.ts.meta": {
    "time": 1652769724681.2188
  },
  "/Users/liuling/学习/cocos/jichu/assets/scripts/huangxing.ts": {
    "time": 1652846367893.0103,
    "uuid": "b571080b-25af-4404-b829-e114ddb0d553",
    "missing": false
  },
  "/Users/liuling/学习/cocos/jichu/assets/scripts/tweents.ts.meta": {
    "time": 1652857442040.0215
  },
  "/Users/liuling/学习/cocos/jichu/assets/scripts/tweents.ts": {
    "time": 1652928923005.1934,
    "uuid": "a1f42b6e-55b7-472f-b43b-38ceac7912fd",
    "missing": false
  }
}
