{
  "log": {
    "level": 4
  },
  "__version__": "1.3.2",
  "common": {
    "outputName": "web-mobile",
    "mainBundleCompressionType": "merge_dep",
    "platform": "web-mobile"
  },
  "BuildTaskManager": {
    "taskMap": {
      "1655117179074": {
        "id": "1655117179074",
        "progress": 1,
        "state": "success",
        "message": "2022-6-13 19:08 Build success in 17558 ms!",
        "options": {
          "name": "daxigua",
          "platform": "web-mobile",
          "buildPath": "project://build",
          "debug": false,
          "md5Cache": false,
          "skipCompressTexture": false,
          "sourceMaps": false,
          "replaceSplashScreen": false,
          "mainBundleCompressionType": "merge_dep",
          "mainBundleIsRemote": false,
          "mergeStartScene": false,
          "experimentalEraseModules": false,
          "compressTexture": true,
          "packAutoAtlas": true,
          "startScene": "e5a1912b-976d-40ff-badf-57020669bc9b",
          "scenes": [
            {
              "url": "db://assets/scene/game.scene",
              "uuid": "e5a1912b-976d-40ff-badf-57020669bc9b",
              "inBundle": false
            }
          ],
          "outputName": "web-mobile",
          "packages": {
            "web-mobile": {
              "orientation": "auto",
              "polyfills": {
                "asyncFunctions": true
              }
            },
            "cocos-service": {}
          }
        },
        "time": "2022-6-13 19:08",
        "dirty": false
      }
    }
  }
}
